State,Year,Month,Fatalities,Day,Date
ACT,1989,Jan,2,1,1989-1-1
ACT,1989,Feb,2,2,1989-2-1
ACT,1989,Mar,3,3,1989-3-1
ACT,1989,Apr,8,4,1989-4-1
ACT,1989,Jun,2,6,1989-6-1
ACT,1989,Jul,1,7,1989-7-1
ACT,1989,Aug,2,8,1989-8-1
ACT,1989,Sep,5,9,1989-9-1
ACT,1989,Oct,2,10,1989-10-1
ACT,1989,Nov,2,11,1989-11-1
ACT,1989,Dec,3,12,1989-12-1
ACT,1990,Jan,2,1,1990-1-1
ACT,1990,May,3,5,1990-5-1
ACT,1990,Jun,1,6,1990-6-1
ACT,1990,Jul,6,7,1990-7-1
ACT,1990,Aug,3,8,1990-8-1
ACT,1990,Sep,1,9,1990-9-1
ACT,1990,Oct,3,10,1990-10-1
ACT,1990,Nov,3,11,1990-11-1
ACT,1990,Dec,4,12,1990-12-1
ACT,1991,Jan,2,1,1991-1-1
ACT,1991,Feb,1,2,1991-2-1
ACT,1991,Mar,1,3,1991-3-1
ACT,1991,Apr,5,4,1991-4-1
ACT,1991,May,1,5,1991-5-1
ACT,1991,Jun,3,6,1991-6-1
ACT,1991,Aug,2,8,1991-8-1
ACT,1991,Sep,1,9,1991-9-1
ACT,1991,Oct,1,10,1991-10-1
ACT,1992,Jan,1,1,1992-1-1
ACT,1992,Feb,2,2,1992-2-1
ACT,1992,Mar,1,3,1992-3-1
ACT,1992,Apr,4,4,1992-4-1
ACT,1992,May,2,5,1992-5-1
ACT,1992,Jun,2,6,1992-6-1
ACT,1992,Jul,2,7,1992-7-1
ACT,1992,Aug,2,8,1992-8-1
ACT,1992,Sep,2,9,1992-9-1
ACT,1992,Oct,1,10,1992-10-1
ACT,1992,Dec,1,12,1992-12-1
ACT,1993,Feb,1,2,1993-2-1
ACT,1993,Mar,1,3,1993-3-1
ACT,1993,Jun,1,6,1993-6-1
ACT,1993,Aug,1,8,1993-8-1
ACT,1993,Sep,2,9,1993-9-1
ACT,1993,Oct,5,10,1993-10-1
ACT,1993,Nov,1,11,1993-11-1
ACT,1994,Jan,1,1,1994-1-1
ACT,1994,Feb,1,2,1994-2-1
ACT,1994,Mar,1,3,1994-3-1
ACT,1994,Apr,4,4,1994-4-1
ACT,1994,May,1,5,1994-5-1
ACT,1994,Jun,3,6,1994-6-1
ACT,1994,Aug,1,8,1994-8-1
ACT,1994,Sep,2,9,1994-9-1
ACT,1994,Oct,1,10,1994-10-1
ACT,1994,Nov,1,11,1994-11-1
ACT,1994,Dec,1,12,1994-12-1
ACT,1995,May,1,5,1995-5-1
ACT,1995,Jun,1,6,1995-6-1
ACT,1995,Jul,3,7,1995-7-1
ACT,1995,Sep,3,9,1995-9-1
ACT,1995,Oct,2,10,1995-10-1
ACT,1995,Nov,1,11,1995-11-1
ACT,1995,Dec,4,12,1995-12-1
ACT,1996,Jan,1,1,1996-1-1
ACT,1996,Feb,1,2,1996-2-1
ACT,1996,Apr,1,4,1996-4-1
ACT,1996,May,3,5,1996-5-1
ACT,1996,Jun,2,6,1996-6-1
ACT,1996,Aug,3,8,1996-8-1
ACT,1996,Sep,5,9,1996-9-1
ACT,1996,Oct,1,10,1996-10-1
ACT,1996,Nov,4,11,1996-11-1
ACT,1996,Dec,2,12,1996-12-1
ACT,1997,Jan,1,1,1997-1-1
ACT,1997,Feb,1,2,1997-2-1
ACT,1997,Mar,1,3,1997-3-1
ACT,1997,Apr,1,4,1997-4-1
ACT,1997,May,1,5,1997-5-1
ACT,1997,Aug,2,8,1997-8-1
ACT,1997,Sep,2,9,1997-9-1
ACT,1997,Oct,2,10,1997-10-1
ACT,1997,Nov,2,11,1997-11-1
ACT,1997,Dec,4,12,1997-12-1
ACT,1998,Jan,1,1,1998-1-1
ACT,1998,Feb,3,2,1998-2-1
ACT,1998,Mar,3,3,1998-3-1
ACT,1998,May,2,5,1998-5-1
ACT,1998,Jul,4,7,1998-7-1
ACT,1998,Aug,1,8,1998-8-1
ACT,1998,Sep,3,9,1998-9-1
ACT,1998,Oct,2,10,1998-10-1
ACT,1998,Dec,3,12,1998-12-1
ACT,1999,Jan,1,1,1999-1-1
ACT,1999,Feb,3,2,1999-2-1
ACT,1999,Mar,1,3,1999-3-1
ACT,1999,Apr,2,4,1999-4-1
ACT,1999,Jun,3,6,1999-6-1
ACT,1999,Sep,2,9,1999-9-1
ACT,1999,Nov,2,11,1999-11-1
ACT,1999,Dec,5,12,1999-12-1
ACT,2000,Feb,1,2,2000-2-1
ACT,2000,Mar,2,3,2000-3-1
ACT,2000,May,1,5,2000-5-1
ACT,2000,Jun,1,6,2000-6-1
ACT,2000,Jul,2,7,2000-7-1
ACT,2000,Aug,1,8,2000-8-1
ACT,2000,Sep,4,9,2000-9-1
ACT,2000,Oct,4,10,2000-10-1
ACT,2000,Dec,2,12,2000-12-1
ACT,2001,Jan,2,1,2001-1-1
ACT,2001,Feb,2,2,2001-2-1
ACT,2001,May,2,5,2001-5-1
ACT,2001,Jun,1,6,2001-6-1
ACT,2001,Jul,1,7,2001-7-1
ACT,2001,Aug,2,8,2001-8-1
ACT,2001,Sep,2,9,2001-9-1
ACT,2001,Nov,1,11,2001-11-1
ACT,2001,Dec,3,12,2001-12-1
ACT,2002,Apr,1,4,2002-4-1
ACT,2002,May,2,5,2002-5-1
ACT,2002,Jun,1,6,2002-6-1
ACT,2002,Jul,1,7,2002-7-1
ACT,2002,Aug,3,8,2002-8-1
ACT,2002,Oct,1,10,2002-10-1
ACT,2002,Nov,1,11,2002-11-1
ACT,2003,Feb,3,2,2003-2-1
ACT,2003,May,1,5,2003-5-1
ACT,2003,Jun,3,6,2003-6-1
ACT,2003,Oct,1,10,2003-10-1
ACT,2003,Nov,1,11,2003-11-1
ACT,2003,Dec,2,12,2003-12-1
ACT,2004,Jan,2,1,2004-1-1
ACT,2004,Mar,1,3,2004-3-1
ACT,2004,Apr,1,4,2004-4-1
ACT,2004,Jun,1,6,2004-6-1
ACT,2004,Jul,1,7,2004-7-1
ACT,2004,Sep,1,9,2004-9-1
ACT,2004,Nov,2,11,2004-11-1
ACT,2005,Jan,1,1,2005-1-1
ACT,2005,Feb,2,2,2005-2-1
ACT,2005,Mar,1,3,2005-3-1
ACT,2005,Apr,4,4,2005-4-1
ACT,2005,May,3,5,2005-5-1
ACT,2005,Jul,6,7,2005-7-1
ACT,2005,Aug,1,8,2005-8-1
ACT,2005,Sep,3,9,2005-9-1
ACT,2005,Oct,2,10,2005-10-1
ACT,2005,Nov,2,11,2005-11-1
ACT,2005,Dec,1,12,2005-12-1
ACT,2006,Feb,2,2,2006-2-1
ACT,2006,May,1,5,2006-5-1
ACT,2006,Jun,1,6,2006-6-1
ACT,2006,Aug,2,8,2006-8-1
ACT,2006,Sep,1,9,2006-9-1
ACT,2006,Oct,2,10,2006-10-1
ACT,2006,Nov,1,11,2006-11-1
ACT,2006,Dec,3,12,2006-12-1
ACT,2007,Feb,1,2,2007-2-1
ACT,2007,Mar,1,3,2007-3-1
ACT,2007,Apr,3,4,2007-4-1
ACT,2007,May,1,5,2007-5-1
ACT,2007,Jun,2,6,2007-6-1
ACT,2007,Jul,1,7,2007-7-1
ACT,2007,Aug,2,8,2007-8-1
ACT,2007,Oct,1,10,2007-10-1
ACT,2007,Nov,1,11,2007-11-1
ACT,2007,Dec,1,12,2007-12-1
ACT,2008,Jan,1,1,2008-1-1
ACT,2008,Feb,1,2,2008-2-1
ACT,2008,Apr,1,4,2008-4-1
ACT,2008,May,2,5,2008-5-1
ACT,2008,Jun,3,6,2008-6-1
ACT,2008,Jul,1,7,2008-7-1
ACT,2008,Aug,3,8,2008-8-1
ACT,2008,Sep,1,9,2008-9-1
ACT,2008,Dec,1,12,2008-12-1
ACT,2009,Mar,3,3,2009-3-1
ACT,2009,Apr,1,4,2009-4-1
ACT,2009,May,1,5,2009-5-1
ACT,2009,Jun,2,6,2009-6-1
ACT,2009,Jul,1,7,2009-7-1
ACT,2009,Sep,2,9,2009-9-1
ACT,2009,Oct,2,10,2009-10-1
ACT,2010,Jan,1,1,2010-1-1
ACT,2010,Feb,2,2,2010-2-1
ACT,2010,Mar,5,3,2010-3-1
ACT,2010,Apr,3,4,2010-4-1
ACT,2010,May,3,5,2010-5-1
ACT,2010,Jun,1,6,2010-6-1
ACT,2010,Jul,2,7,2010-7-1
ACT,2010,Sep,1,9,2010-9-1
ACT,2010,Dec,1,12,2010-12-1
ACT,2011,Jan,2,1,2011-1-1
ACT,2011,Mar,4,3,2011-3-1
ACT,2012,Apr,1,4,2012-4-1
ACT,2012,May,2,5,2012-5-1
ACT,2012,Jun,2,6,2012-6-1
ACT,2012,Jul,1,7,2012-7-1
ACT,2012,Sep,2,9,2012-9-1
ACT,2012,Oct,1,10,2012-10-1
ACT,2012,Nov,2,11,2012-11-1
ACT,2012,Dec,1,12,2012-12-1
ACT,2013,Jan,1,1,2013-1-1
ACT,2013,Mar,3,3,2013-3-1
ACT,2013,Aug,1,8,2013-8-1
ACT,2013,Sep,1,9,2013-9-1
ACT,2013,Dec,1,12,2013-12-1
ACT,2014,Feb,2,2,2014-2-1
ACT,2014,Mar,2,3,2014-3-1
ACT,2014,Jun,1,6,2014-6-1
ACT,2014,Aug,1,8,2014-8-1
ACT,2014,Sep,2,9,2014-9-1
ACT,2014,Nov,1,11,2014-11-1
ACT,2014,Dec,1,12,2014-12-1
ACT,2015,Jan,1,1,2015-1-1
ACT,2015,Apr,1,4,2015-4-1
ACT,2015,May,2,5,2015-5-1
ACT,2015,Jun,2,6,2015-6-1
ACT,2015,Jul,2,7,2015-7-1
ACT,2015,Sep,2,9,2015-9-1
ACT,2015,Nov,1,11,2015-11-1
ACT,2015,Dec,4,12,2015-12-1
ACT,2016,Mar,1,3,2016-3-1
ACT,2016,May,2,5,2016-5-1
ACT,2016,Jul,2,7,2016-7-1
ACT,2016,Sep,2,9,2016-9-1
ACT,2016,Oct,2,10,2016-10-1
ACT,2016,Nov,1,11,2016-11-1
ACT,2017,Jan,1,1,2017-1-1
ACT,2017,Feb,1,2,2017-2-1
ACT,2017,Mar,1,3,2017-3-1
ACT,2017,May,1,5,2017-5-1
ACT,2017,Nov,1,11,2017-11-1
ACT,2018,Jan,1,1,2018-1-1
ACT,2018,Feb,2,2,2018-2-1
ACT,2018,Apr,1,4,2018-4-1
ACT,2018,May,2,5,2018-5-1
ACT,2018,Jul,1,7,2018-7-1
ACT,2018,Sep,1,9,2018-9-1
ACT,2018,Oct,1,10,2018-10-1
ACT,2019,Jan,1,1,2019-1-1
ACT,2019,Jun,2,6,2019-6-1
ACT,2019,Sep,1,9,2019-9-1
ACT,2019,Oct,1,10,2019-10-1
ACT,2019,Dec,1,12,2019-12-1
ACT,2020,Apr,2,4,2020-4-1
ACT,2020,Jul,1,7,2020-7-1
ACT,2020,Sep,2,9,2020-9-1
ACT,2020,Oct,1,10,2020-10-1
ACT,2020,Dec,1,12,2020-12-1
ACT,2021,Jan,1,1,2021-1-1
ACT,2021,Feb,2,2,2021-2-1
ACT,2021,Mar,1,3,2021-3-1
ACT,2021,Apr,1,4,2021-4-1
ACT,2021,Jun,1,6,2021-6-1
ACT,2021,Jul,1,7,2021-7-1
ACT,2021,Aug,1,8,2021-8-1
ACT,2021,Sep,1,9,2021-9-1
ACT,2021,Dec,2,12,2021-12-1
ACT,2022,Jan,2,1,2022-1-1
ACT,2022,Feb,1,2,2022-2-1
ACT,2022,Apr,2,4,2022-4-1
ACT,2022,May,4,5,2022-5-1
ACT,2022,Jun,1,6,2022-6-1
ACT,2022,Aug,1,8,2022-8-1
NSW,1989,Jan,55,1,1989-1-1
NSW,1989,Feb,82,2,1989-2-1
NSW,1989,Mar,82,3,1989-3-1
NSW,1989,Apr,45,4,1989-4-1
NSW,1989,May,77,5,1989-5-1
NSW,1989,Jun,97,6,1989-6-1
NSW,1989,Jul,75,7,1989-7-1
NSW,1989,Aug,64,8,1989-8-1
NSW,1989,Sep,93,9,1989-9-1
NSW,1989,Oct,96,10,1989-10-1
NSW,1989,Nov,69,11,1989-11-1
NSW,1989,Dec,124,12,1989-12-1
NSW,1990,Jan,52,1,1990-1-1
NSW,1990,Feb,52,2,1990-2-1
NSW,1990,Mar,87,3,1990-3-1
NSW,1990,Apr,57,4,1990-4-1
NSW,1990,May,59,5,1990-5-1
NSW,1990,Jun,70,6,1990-6-1
NSW,1990,Jul,83,7,1990-7-1
NSW,1990,Aug,66,8,1990-8-1
NSW,1990,Sep,80,9,1990-9-1
NSW,1990,Oct,62,10,1990-10-1
NSW,1990,Nov,55,11,1990-11-1
NSW,1990,Dec,74,12,1990-12-1
NSW,1991,Jan,61,1,1991-1-1
NSW,1991,Feb,47,2,1991-2-1
NSW,1991,Mar,52,3,1991-3-1
NSW,1991,Apr,59,4,1991-4-1
NSW,1991,May,55,5,1991-5-1
NSW,1991,Jun,52,6,1991-6-1
NSW,1991,Jul,61,7,1991-7-1
NSW,1991,Aug,55,8,1991-8-1
NSW,1991,Sep,59,9,1991-9-1
NSW,1991,Oct,57,10,1991-10-1
NSW,1991,Nov,49,11,1991-11-1
NSW,1991,Dec,56,12,1991-12-1
NSW,1992,Jan,55,1,1992-1-1
NSW,1992,Feb,56,2,1992-2-1
NSW,1992,Mar,56,3,1992-3-1
NSW,1992,Apr,47,4,1992-4-1
NSW,1992,May,41,5,1992-5-1
NSW,1992,Jun,59,6,1992-6-1
NSW,1992,Jul,53,7,1992-7-1
NSW,1992,Aug,65,8,1992-8-1
NSW,1992,Sep,50,9,1992-9-1
NSW,1992,Oct,62,10,1992-10-1
NSW,1992,Nov,55,11,1992-11-1
NSW,1992,Dec,50,12,1992-12-1
NSW,1993,Jan,44,1,1993-1-1
NSW,1993,Feb,31,2,1993-2-1
NSW,1993,Mar,56,3,1993-3-1
NSW,1993,Apr,51,4,1993-4-1
NSW,1993,May,37,5,1993-5-1
NSW,1993,Jun,42,6,1993-6-1
NSW,1993,Jul,42,7,1993-7-1
NSW,1993,Aug,59,8,1993-8-1
NSW,1993,Sep,42,9,1993-9-1
NSW,1993,Oct,59,10,1993-10-1
NSW,1993,Nov,55,11,1993-11-1
NSW,1993,Dec,63,12,1993-12-1
NSW,1994,Jan,56,1,1994-1-1
NSW,1994,Feb,41,2,1994-2-1
NSW,1994,Mar,65,3,1994-3-1
NSW,1994,Apr,53,4,1994-4-1
NSW,1994,May,51,5,1994-5-1
NSW,1994,Jun,42,6,1994-6-1
NSW,1994,Jul,52,7,1994-7-1
NSW,1994,Aug,38,8,1994-8-1
NSW,1994,Sep,43,9,1994-9-1
NSW,1994,Oct,73,10,1994-10-1
NSW,1994,Nov,69,11,1994-11-1
NSW,1994,Dec,63,12,1994-12-1
NSW,1995,Jan,38,1,1995-1-1
NSW,1995,Feb,50,2,1995-2-1
NSW,1995,Mar,61,3,1995-3-1
NSW,1995,Apr,46,4,1995-4-1
NSW,1995,May,48,5,1995-5-1
NSW,1995,Jun,57,6,1995-6-1
NSW,1995,Jul,51,7,1995-7-1
NSW,1995,Aug,53,8,1995-8-1
NSW,1995,Sep,41,9,1995-9-1
NSW,1995,Oct,60,10,1995-10-1
NSW,1995,Nov,59,11,1995-11-1
NSW,1995,Dec,56,12,1995-12-1
NSW,1996,Jan,23,1,1996-1-1
NSW,1996,Feb,49,2,1996-2-1
NSW,1996,Mar,49,3,1996-3-1
NSW,1996,Apr,62,4,1996-4-1
NSW,1996,May,48,5,1996-5-1
NSW,1996,Jun,56,6,1996-6-1
NSW,1996,Jul,50,7,1996-7-1
NSW,1996,Aug,52,8,1996-8-1
NSW,1996,Sep,43,9,1996-9-1
NSW,1996,Oct,52,10,1996-10-1
NSW,1996,Nov,47,11,1996-11-1
NSW,1996,Dec,50,12,1996-12-1
NSW,1997,Jan,69,1,1997-1-1
NSW,1997,Feb,44,2,1997-2-1
NSW,1997,Mar,39,3,1997-3-1
NSW,1997,Apr,42,4,1997-4-1
NSW,1997,May,58,5,1997-5-1
NSW,1997,Jun,38,6,1997-6-1
NSW,1997,Jul,53,7,1997-7-1
NSW,1997,Aug,47,8,1997-8-1
NSW,1997,Sep,35,9,1997-9-1
NSW,1997,Oct,47,10,1997-10-1
NSW,1997,Nov,62,11,1997-11-1
NSW,1997,Dec,42,12,1997-12-1
NSW,1998,Jan,47,1,1998-1-1
NSW,1998,Feb,39,2,1998-2-1
NSW,1998,Mar,61,3,1998-3-1
NSW,1998,Apr,43,4,1998-4-1
NSW,1998,May,58,5,1998-5-1
NSW,1998,Jun,51,6,1998-6-1
NSW,1998,Jul,36,7,1998-7-1
NSW,1998,Aug,51,8,1998-8-1
NSW,1998,Sep,37,9,1998-9-1
NSW,1998,Oct,47,10,1998-10-1
NSW,1998,Nov,31,11,1998-11-1
NSW,1998,Dec,55,12,1998-12-1
NSW,1999,Jan,52,1,1999-1-1
NSW,1999,Feb,41,2,1999-2-1
NSW,1999,Mar,61,3,1999-3-1
NSW,1999,Apr,47,4,1999-4-1
NSW,1999,May,60,5,1999-5-1
NSW,1999,Jun,40,6,1999-6-1
NSW,1999,Jul,39,7,1999-7-1
NSW,1999,Aug,44,8,1999-8-1
NSW,1999,Sep,52,9,1999-9-1
NSW,1999,Oct,43,10,1999-10-1
NSW,1999,Nov,48,11,1999-11-1
NSW,1999,Dec,50,12,1999-12-1
NSW,2000,Jan,50,1,2000-1-1
NSW,2000,Feb,52,2,2000-2-1
NSW,2000,Mar,48,3,2000-3-1
NSW,2000,Apr,55,4,2000-4-1
NSW,2000,May,53,5,2000-5-1
NSW,2000,Jun,48,6,2000-6-1
NSW,2000,Jul,58,7,2000-7-1
NSW,2000,Aug,33,8,2000-8-1
NSW,2000,Sep,50,9,2000-9-1
NSW,2000,Oct,39,10,2000-10-1
NSW,2000,Nov,49,11,2000-11-1
NSW,2000,Dec,68,12,2000-12-1
NSW,2001,Jan,38,1,2001-1-1
NSW,2001,Feb,39,2,2001-2-1
NSW,2001,Mar,42,3,2001-3-1
NSW,2001,Apr,42,4,2001-4-1
NSW,2001,May,56,5,2001-5-1
NSW,2001,Jun,35,6,2001-6-1
NSW,2001,Jul,44,7,2001-7-1
NSW,2001,Aug,51,8,2001-8-1
NSW,2001,Sep,35,9,2001-9-1
NSW,2001,Oct,46,10,2001-10-1
NSW,2001,Nov,46,11,2001-11-1
NSW,2001,Dec,50,12,2001-12-1
NSW,2002,Jan,39,1,2002-1-1
NSW,2002,Feb,45,2,2002-2-1
NSW,2002,Mar,50,3,2002-3-1
NSW,2002,Apr,46,4,2002-4-1
NSW,2002,May,56,5,2002-5-1
NSW,2002,Jun,57,6,2002-6-1
NSW,2002,Jul,35,7,2002-7-1
NSW,2002,Aug,51,8,2002-8-1
NSW,2002,Sep,50,9,2002-9-1
NSW,2002,Oct,45,10,2002-10-1
NSW,2002,Nov,43,11,2002-11-1
NSW,2002,Dec,44,12,2002-12-1
NSW,2003,Jan,42,1,2003-1-1
NSW,2003,Feb,40,2,2003-2-1
NSW,2003,Mar,49,3,2003-3-1
NSW,2003,Apr,47,4,2003-4-1
NSW,2003,May,42,5,2003-5-1
NSW,2003,Jun,32,6,2003-6-1
NSW,2003,Jul,35,7,2003-7-1
NSW,2003,Aug,51,8,2003-8-1
NSW,2003,Sep,40,9,2003-9-1
NSW,2003,Oct,57,10,2003-10-1
NSW,2003,Nov,52,11,2003-11-1
NSW,2003,Dec,52,12,2003-12-1
NSW,2004,Jan,52,1,2004-1-1
NSW,2004,Feb,44,2,2004-2-1
NSW,2004,Mar,48,3,2004-3-1
NSW,2004,Apr,34,4,2004-4-1
NSW,2004,May,39,5,2004-5-1
NSW,2004,Jun,41,6,2004-6-1
NSW,2004,Jul,44,7,2004-7-1
NSW,2004,Aug,43,8,2004-8-1
NSW,2004,Sep,35,9,2004-9-1
NSW,2004,Oct,43,10,2004-10-1
NSW,2004,Nov,47,11,2004-11-1
NSW,2004,Dec,40,12,2004-12-1
NSW,2005,Jan,35,1,2005-1-1
NSW,2005,Feb,38,2,2005-2-1
NSW,2005,Mar,37,3,2005-3-1
NSW,2005,Apr,45,4,2005-4-1
NSW,2005,May,56,5,2005-5-1
NSW,2005,Jun,40,6,2005-6-1
NSW,2005,Jul,50,7,2005-7-1
NSW,2005,Aug,40,8,2005-8-1
NSW,2005,Sep,44,9,2005-9-1
NSW,2005,Oct,40,10,2005-10-1
NSW,2005,Nov,37,11,2005-11-1
NSW,2005,Dec,46,12,2005-12-1
NSW,2006,Jan,57,1,2006-1-1
NSW,2006,Feb,39,2,2006-2-1
NSW,2006,Mar,54,3,2006-3-1
NSW,2006,Apr,49,4,2006-4-1
NSW,2006,May,37,5,2006-5-1
NSW,2006,Jun,43,6,2006-6-1
NSW,2006,Jul,34,7,2006-7-1
NSW,2006,Aug,34,8,2006-8-1
NSW,2006,Sep,33,9,2006-9-1
NSW,2006,Oct,42,10,2006-10-1
NSW,2006,Nov,38,11,2006-11-1
NSW,2006,Dec,36,12,2006-12-1
NSW,2007,Jan,34,1,2007-1-1
NSW,2007,Feb,30,2,2007-2-1
NSW,2007,Mar,42,3,2007-3-1
NSW,2007,Apr,47,4,2007-4-1
NSW,2007,May,31,5,2007-5-1
NSW,2007,Jun,41,6,2007-6-1
NSW,2007,Jul,41,7,2007-7-1
NSW,2007,Aug,30,8,2007-8-1
NSW,2007,Sep,32,9,2007-9-1
NSW,2007,Oct,33,10,2007-10-1
NSW,2007,Nov,37,11,2007-11-1
NSW,2007,Dec,37,12,2007-12-1
NSW,2008,Jan,28,1,2008-1-1
NSW,2008,Feb,29,2,2008-2-1
NSW,2008,Mar,29,3,2008-3-1
NSW,2008,Apr,26,4,2008-4-1
NSW,2008,May,24,5,2008-5-1
NSW,2008,Jun,30,6,2008-6-1
NSW,2008,Jul,34,7,2008-7-1
NSW,2008,Aug,35,8,2008-8-1
NSW,2008,Sep,33,9,2008-9-1
NSW,2008,Oct,39,10,2008-10-1
NSW,2008,Nov,31,11,2008-11-1
NSW,2008,Dec,36,12,2008-12-1
NSW,2009,Jan,26,1,2009-1-1
NSW,2009,Feb,34,2,2009-2-1
NSW,2009,Mar,39,3,2009-3-1
NSW,2009,Apr,55,4,2009-4-1
NSW,2009,May,36,5,2009-5-1
NSW,2009,Jun,35,6,2009-6-1
NSW,2009,Jul,27,7,2009-7-1
NSW,2009,Aug,49,8,2009-8-1
NSW,2009,Sep,42,9,2009-9-1
NSW,2009,Oct,45,10,2009-10-1
NSW,2009,Nov,30,11,2009-11-1
NSW,2009,Dec,36,12,2009-12-1
NSW,2010,Jan,43,1,2010-1-1
NSW,2010,Feb,34,2,2010-2-1
NSW,2010,Mar,26,3,2010-3-1
NSW,2010,Apr,43,4,2010-4-1
NSW,2010,May,37,5,2010-5-1
NSW,2010,Jun,33,6,2010-6-1
NSW,2010,Jul,23,7,2010-7-1
NSW,2010,Aug,27,8,2010-8-1
NSW,2010,Sep,37,9,2010-9-1
NSW,2010,Oct,39,10,2010-10-1
NSW,2010,Nov,38,11,2010-11-1
NSW,2010,Dec,25,12,2010-12-1
NSW,2011,Jan,28,1,2011-1-1
NSW,2011,Feb,30,2,2011-2-1
NSW,2011,Mar,31,3,2011-3-1
NSW,2011,Apr,25,4,2011-4-1
NSW,2011,May,25,5,2011-5-1
NSW,2011,Jun,27,6,2011-6-1
NSW,2011,Jul,29,7,2011-7-1
NSW,2011,Aug,38,8,2011-8-1
NSW,2011,Sep,29,9,2011-9-1
NSW,2011,Oct,23,10,2011-10-1
NSW,2011,Nov,39,11,2011-11-1
NSW,2011,Dec,40,12,2011-12-1
NSW,2012,Jan,32,1,2012-1-1
NSW,2012,Feb,25,2,2012-2-1
NSW,2012,Mar,33,3,2012-3-1
NSW,2012,Apr,33,4,2012-4-1
NSW,2012,May,31,5,2012-5-1
NSW,2012,Jun,34,6,2012-6-1
NSW,2012,Jul,24,7,2012-7-1
NSW,2012,Aug,36,8,2012-8-1
NSW,2012,Sep,30,9,2012-9-1
NSW,2012,Oct,28,10,2012-10-1
NSW,2012,Nov,35,11,2012-11-1
NSW,2012,Dec,28,12,2012-12-1
NSW,2013,Jan,15,1,2013-1-1
NSW,2013,Feb,33,2,2013-2-1
NSW,2013,Mar,30,3,2013-3-1
NSW,2013,Apr,26,4,2013-4-1
NSW,2013,May,24,5,2013-5-1
NSW,2013,Jun,32,6,2013-6-1
NSW,2013,Jul,26,7,2013-7-1
NSW,2013,Aug,33,8,2013-8-1
NSW,2013,Sep,15,9,2013-9-1
NSW,2013,Oct,37,10,2013-10-1
NSW,2013,Nov,34,11,2013-11-1
NSW,2013,Dec,28,12,2013-12-1
NSW,2014,Jan,34,1,2014-1-1
NSW,2014,Feb,29,2,2014-2-1
NSW,2014,Mar,26,3,2014-3-1
NSW,2014,Apr,20,4,2014-4-1
NSW,2014,May,30,5,2014-5-1
NSW,2014,Jun,25,6,2014-6-1
NSW,2014,Jul,19,7,2014-7-1
NSW,2014,Aug,27,8,2014-8-1
NSW,2014,Sep,24,9,2014-9-1
NSW,2014,Oct,26,10,2014-10-1
NSW,2014,Nov,29,11,2014-11-1
NSW,2014,Dec,18,12,2014-12-1
NSW,2015,Jan,37,1,2015-1-1
NSW,2015,Feb,16,2,2015-2-1
NSW,2015,Mar,24,3,2015-3-1
NSW,2015,Apr,24,4,2015-4-1
NSW,2015,May,35,5,2015-5-1
NSW,2015,Jun,25,6,2015-6-1
NSW,2015,Jul,31,7,2015-7-1
NSW,2015,Aug,40,8,2015-8-1
NSW,2015,Sep,26,9,2015-9-1
NSW,2015,Oct,32,10,2015-10-1
NSW,2015,Nov,32,11,2015-11-1
NSW,2015,Dec,28,12,2015-12-1
NSW,2016,Jan,25,1,2016-1-1
NSW,2016,Feb,32,2,2016-2-1
NSW,2016,Mar,32,3,2016-3-1
NSW,2016,Apr,44,4,2016-4-1
NSW,2016,May,31,5,2016-5-1
NSW,2016,Jun,34,6,2016-6-1
NSW,2016,Jul,30,7,2016-7-1
NSW,2016,Aug,36,8,2016-8-1
NSW,2016,Sep,32,9,2016-9-1
NSW,2016,Oct,31,10,2016-10-1
NSW,2016,Nov,25,11,2016-11-1
NSW,2016,Dec,28,12,2016-12-1
NSW,2017,Jan,30,1,2017-1-1
NSW,2017,Feb,18,2,2017-2-1
NSW,2017,Mar,28,3,2017-3-1
NSW,2017,Apr,31,4,2017-4-1
NSW,2017,May,35,5,2017-5-1
NSW,2017,Jun,31,6,2017-6-1
NSW,2017,Jul,40,7,2017-7-1
NSW,2017,Aug,41,8,2017-8-1
NSW,2017,Sep,29,9,2017-9-1
NSW,2017,Oct,28,10,2017-10-1
NSW,2017,Nov,38,11,2017-11-1
NSW,2017,Dec,40,12,2017-12-1
NSW,2018,Jan,37,1,2018-1-1
NSW,2018,Feb,32,2,2018-2-1
NSW,2018,Mar,24,3,2018-3-1
NSW,2018,Apr,31,4,2018-4-1
NSW,2018,May,25,5,2018-5-1
NSW,2018,Jun,21,6,2018-6-1
NSW,2018,Jul,31,7,2018-7-1
NSW,2018,Aug,38,8,2018-8-1
NSW,2018,Sep,34,9,2018-9-1
NSW,2018,Oct,21,10,2018-10-1
NSW,2018,Nov,25,11,2018-11-1
NSW,2018,Dec,28,12,2018-12-1
NSW,2019,Jan,38,1,2019-1-1
NSW,2019,Feb,28,2,2019-2-1
NSW,2019,Mar,41,3,2019-3-1
NSW,2019,Apr,28,4,2019-4-1
NSW,2019,May,20,5,2019-5-1
NSW,2019,Jun,26,6,2019-6-1
NSW,2019,Jul,23,7,2019-7-1
NSW,2019,Aug,31,8,2019-8-1
NSW,2019,Sep,33,9,2019-9-1
NSW,2019,Oct,29,10,2019-10-1
NSW,2019,Nov,27,11,2019-11-1
NSW,2019,Dec,29,12,2019-12-1
NSW,2020,Jan,23,1,2020-1-1
NSW,2020,Feb,30,2,2020-2-1
NSW,2020,Mar,24,3,2020-3-1
NSW,2020,Apr,23,4,2020-4-1
NSW,2020,May,20,5,2020-5-1
NSW,2020,Jun,22,6,2020-6-1
NSW,2020,Jul,24,7,2020-7-1
NSW,2020,Aug,26,8,2020-8-1
NSW,2020,Sep,29,9,2020-9-1
NSW,2020,Oct,17,10,2020-10-1
NSW,2020,Nov,24,11,2020-11-1
NSW,2020,Dec,22,12,2020-12-1
NSW,2021,Jan,24,1,2021-1-1
NSW,2021,Feb,26,2,2021-2-1
NSW,2021,Mar,20,3,2021-3-1
NSW,2021,Apr,24,4,2021-4-1
NSW,2021,May,21,5,2021-5-1
NSW,2021,Jun,29,6,2021-6-1
NSW,2021,Jul,18,7,2021-7-1
NSW,2021,Aug,16,8,2021-8-1
NSW,2021,Sep,16,9,2021-9-1
NSW,2021,Oct,25,10,2021-10-1
NSW,2021,Nov,22,11,2021-11-1
NSW,2021,Dec,32,12,2021-12-1
NSW,2022,Jan,34,1,2022-1-1
NSW,2022,Feb,26,2,2022-2-1
NSW,2022,Mar,28,3,2022-3-1
NSW,2022,Apr,27,4,2022-4-1
NSW,2022,May,22,5,2022-5-1
NSW,2022,Jun,21,6,2022-6-1
NSW,2022,Jul,12,7,2022-7-1
NSW,2022,Aug,18,8,2022-8-1
NT,1989,Jan,2,1,1989-1-1
NT,1989,Feb,2,2,1989-2-1
NT,1989,Mar,3,3,1989-3-1
NT,1989,Apr,10,4,1989-4-1
NT,1989,May,4,5,1989-5-1
NT,1989,Jun,7,6,1989-6-1
NT,1989,Jul,7,7,1989-7-1
NT,1989,Aug,4,8,1989-8-1
NT,1989,Sep,4,9,1989-9-1
NT,1989,Oct,4,10,1989-10-1
NT,1989,Nov,6,11,1989-11-1
NT,1989,Dec,8,12,1989-12-1
NT,1990,Jan,9,1,1990-1-1
NT,1990,Feb,2,2,1990-2-1
NT,1990,Mar,7,3,1990-3-1
NT,1990,Apr,5,4,1990-4-1
NT,1990,May,7,5,1990-5-1
NT,1990,Jun,2,6,1990-6-1
NT,1990,Jul,8,7,1990-7-1
NT,1990,Aug,10,8,1990-8-1
NT,1990,Sep,3,9,1990-9-1
NT,1990,Oct,1,10,1990-10-1
NT,1990,Nov,5,11,1990-11-1
NT,1990,Dec,9,12,1990-12-1
NT,1991,Jan,2,1,1991-1-1
NT,1991,Feb,6,2,1991-2-1
NT,1991,Mar,1,3,1991-3-1
NT,1991,Apr,8,4,1991-4-1
NT,1991,May,3,5,1991-5-1
NT,1991,Jun,5,6,1991-6-1
NT,1991,Jul,8,7,1991-7-1
NT,1991,Aug,12,8,1991-8-1
NT,1991,Sep,12,9,1991-9-1
NT,1991,Oct,1,10,1991-10-1
NT,1991,Nov,8,11,1991-11-1
NT,1991,Dec,1,12,1991-12-1
NT,1992,Jan,5,1,1992-1-1
NT,1992,Feb,14,2,1992-2-1
NT,1992,Mar,2,3,1992-3-1
NT,1992,Apr,8,4,1992-4-1
NT,1992,May,4,5,1992-5-1
NT,1992,Jun,1,6,1992-6-1
NT,1992,Jul,2,7,1992-7-1
NT,1992,Aug,2,8,1992-8-1
NT,1992,Oct,5,10,1992-10-1
NT,1992,Nov,4,11,1992-11-1
NT,1992,Dec,7,12,1992-12-1
NT,1993,Jan,2,1,1993-1-1
NT,1993,Feb,1,2,1993-2-1
NT,1993,Mar,4,3,1993-3-1
NT,1993,Apr,7,4,1993-4-1
NT,1993,May,1,5,1993-5-1
NT,1993,Jun,5,6,1993-6-1
NT,1993,Jul,3,7,1993-7-1
NT,1993,Aug,7,8,1993-8-1
NT,1993,Sep,2,9,1993-9-1
NT,1993,Oct,7,10,1993-10-1
NT,1993,Nov,3,11,1993-11-1
NT,1993,Dec,2,12,1993-12-1
NT,1994,Jan,6,1,1994-1-1
NT,1994,Feb,1,2,1994-2-1
NT,1994,Mar,3,3,1994-3-1
NT,1994,Apr,2,4,1994-4-1
NT,1994,May,8,5,1994-5-1
NT,1994,Jun,1,6,1994-6-1
NT,1994,Jul,2,7,1994-7-1
NT,1994,Aug,7,8,1994-8-1
NT,1994,Sep,2,9,1994-9-1
NT,1994,Oct,1,10,1994-10-1
NT,1994,Nov,4,11,1994-11-1
NT,1994,Dec,4,12,1994-12-1
NT,1995,Jan,2,1,1995-1-1
NT,1995,Feb,5,2,1995-2-1
NT,1995,Mar,3,3,1995-3-1
NT,1995,Apr,9,4,1995-4-1
NT,1995,May,5,5,1995-5-1
NT,1995,Jun,9,6,1995-6-1
NT,1995,Jul,4,7,1995-7-1
NT,1995,Aug,5,8,1995-8-1
NT,1995,Sep,2,9,1995-9-1
NT,1995,Oct,5,10,1995-10-1
NT,1995,Nov,2,11,1995-11-1
NT,1995,Dec,10,12,1995-12-1
NT,1996,Jan,6,1,1996-1-1
NT,1996,Feb,4,2,1996-2-1
NT,1996,Mar,3,3,1996-3-1
NT,1996,Apr,4,4,1996-4-1
NT,1996,May,12,5,1996-5-1
NT,1996,Jun,1,6,1996-6-1
NT,1996,Jul,5,7,1996-7-1
NT,1996,Aug,18,8,1996-8-1
NT,1996,Sep,5,9,1996-9-1
NT,1996,Oct,2,10,1996-10-1
NT,1996,Nov,3,11,1996-11-1
NT,1996,Dec,9,12,1996-12-1
NT,1997,Jan,1,1,1997-1-1
NT,1997,Feb,3,2,1997-2-1
NT,1997,Mar,8,3,1997-3-1
NT,1997,Apr,5,4,1997-4-1
NT,1997,May,6,5,1997-5-1
NT,1997,Jun,5,6,1997-6-1
NT,1997,Jul,2,7,1997-7-1
NT,1997,Aug,9,8,1997-8-1
NT,1997,Sep,3,9,1997-9-1
NT,1997,Oct,5,10,1997-10-1
NT,1997,Nov,2,11,1997-11-1
NT,1997,Dec,11,12,1997-12-1
NT,1998,Jan,4,1,1998-1-1
NT,1998,Feb,8,2,1998-2-1
NT,1998,Mar,1,3,1998-3-1
NT,1998,Apr,8,4,1998-4-1
NT,1998,May,6,5,1998-5-1
NT,1998,Jun,4,6,1998-6-1
NT,1998,Jul,10,7,1998-7-1
NT,1998,Aug,11,8,1998-8-1
NT,1998,Sep,6,9,1998-9-1
NT,1998,Oct,5,10,1998-10-1
NT,1998,Nov,3,11,1998-11-1
NT,1998,Dec,3,12,1998-12-1
NT,1999,Jan,2,1,1999-1-1
NT,1999,Feb,6,2,1999-2-1
NT,1999,Mar,2,3,1999-3-1
NT,1999,Apr,1,4,1999-4-1
NT,1999,May,2,5,1999-5-1
NT,1999,Jun,6,6,1999-6-1
NT,1999,Jul,4,7,1999-7-1
NT,1999,Aug,7,8,1999-8-1
NT,1999,Sep,8,9,1999-9-1
NT,1999,Oct,5,10,1999-10-1
NT,1999,Nov,3,11,1999-11-1
NT,1999,Dec,3,12,1999-12-1
NT,2000,Jan,3,1,2000-1-1
NT,2000,Feb,3,2,2000-2-1
NT,2000,Mar,4,3,2000-3-1
NT,2000,Apr,3,4,2000-4-1
NT,2000,May,4,5,2000-5-1
NT,2000,Jun,5,6,2000-6-1
NT,2000,Jul,6,7,2000-7-1
NT,2000,Aug,5,8,2000-8-1
NT,2000,Sep,5,9,2000-9-1
NT,2000,Oct,5,10,2000-10-1
NT,2000,Nov,4,11,2000-11-1
NT,2000,Dec,4,12,2000-12-1
NT,2001,Jan,3,1,2001-1-1
NT,2001,Feb,5,2,2001-2-1
NT,2001,Mar,2,3,2001-3-1
NT,2001,Apr,4,4,2001-4-1
NT,2001,May,4,5,2001-5-1
NT,2001,Jun,7,6,2001-6-1
NT,2001,Aug,5,8,2001-8-1
NT,2001,Sep,5,9,2001-9-1
NT,2001,Oct,3,10,2001-10-1
NT,2001,Nov,4,11,2001-11-1
NT,2001,Dec,8,12,2001-12-1
NT,2002,Jan,1,1,2002-1-1
NT,2002,Feb,5,2,2002-2-1
NT,2002,Mar,1,3,2002-3-1
NT,2002,Apr,4,4,2002-4-1
NT,2002,May,5,5,2002-5-1
NT,2002,Jun,3,6,2002-6-1
NT,2002,Jul,5,7,2002-7-1
NT,2002,Aug,7,8,2002-8-1
NT,2002,Sep,6,9,2002-9-1
NT,2002,Oct,4,10,2002-10-1
NT,2002,Nov,9,11,2002-11-1
NT,2002,Dec,5,12,2002-12-1
NT,2003,Jan,6,1,2003-1-1
NT,2003,Feb,2,2,2003-2-1
NT,2003,Mar,4,3,2003-3-1
NT,2003,Apr,5,4,2003-4-1
NT,2003,May,3,5,2003-5-1
NT,2003,Jun,5,6,2003-6-1
NT,2003,Jul,4,7,2003-7-1
NT,2003,Aug,9,8,2003-8-1
NT,2003,Sep,4,9,2003-9-1
NT,2003,Oct,1,10,2003-10-1
NT,2003,Nov,6,11,2003-11-1
NT,2003,Dec,4,12,2003-12-1
NT,2004,Jan,2,1,2004-1-1
NT,2004,Feb,6,2,2004-2-1
NT,2004,Mar,2,3,2004-3-1
NT,2004,Apr,1,4,2004-4-1
NT,2004,May,3,5,2004-5-1
NT,2004,Jun,3,6,2004-6-1
NT,2004,Jul,2,7,2004-7-1
NT,2004,Aug,3,8,2004-8-1
NT,2004,Sep,4,9,2004-9-1
NT,2004,Oct,2,10,2004-10-1
NT,2004,Nov,3,11,2004-11-1
NT,2004,Dec,4,12,2004-12-1
NT,2005,Jan,1,1,2005-1-1
NT,2005,Feb,5,2,2005-2-1
NT,2005,Mar,4,3,2005-3-1
NT,2005,Apr,4,4,2005-4-1
NT,2005,May,1,5,2005-5-1
NT,2005,Jun,7,6,2005-6-1
NT,2005,Jul,5,7,2005-7-1
NT,2005,Aug,7,8,2005-8-1
NT,2005,Sep,8,9,2005-9-1
NT,2005,Oct,3,10,2005-10-1
NT,2005,Nov,5,11,2005-11-1
NT,2005,Dec,5,12,2005-12-1
NT,2006,Jan,1,1,2006-1-1
NT,2006,Feb,2,2,2006-2-1
NT,2006,Mar,2,3,2006-3-1
NT,2006,Apr,5,4,2006-4-1
NT,2006,May,2,5,2006-5-1
NT,2006,Jun,3,6,2006-6-1
NT,2006,Jul,6,7,2006-7-1
NT,2006,Aug,11,8,2006-8-1
NT,2006,Sep,1,9,2006-9-1
NT,2006,Oct,5,10,2006-10-1
NT,2006,Nov,4,11,2006-11-1
NT,2006,Dec,3,12,2006-12-1
NT,2007,Jan,5,1,2007-1-1
NT,2007,Feb,3,2,2007-2-1
NT,2007,Mar,2,3,2007-3-1
NT,2007,Apr,1,4,2007-4-1
NT,2007,May,3,5,2007-5-1
NT,2007,Jun,7,6,2007-6-1
NT,2007,Jul,6,7,2007-7-1
NT,2007,Aug,6,8,2007-8-1
NT,2007,Sep,4,9,2007-9-1
NT,2007,Oct,7,10,2007-10-1
NT,2007,Nov,4,11,2007-11-1
NT,2007,Dec,10,12,2007-12-1
NT,2008,Jan,2,1,2008-1-1
NT,2008,Feb,5,2,2008-2-1
NT,2008,Mar,4,3,2008-3-1
NT,2008,Apr,4,4,2008-4-1
NT,2008,May,10,5,2008-5-1
NT,2008,Jun,7,6,2008-6-1
NT,2008,Jul,7,7,2008-7-1
NT,2008,Aug,10,8,2008-8-1
NT,2008,Sep,8,9,2008-9-1
NT,2008,Oct,9,10,2008-10-1
NT,2008,Nov,5,11,2008-11-1
NT,2008,Dec,4,12,2008-12-1
NT,2009,Jan,2,1,2009-1-1
NT,2009,Mar,2,3,2009-3-1
NT,2009,Apr,2,4,2009-4-1
NT,2009,May,3,5,2009-5-1
NT,2009,Jun,4,6,2009-6-1
NT,2009,Jul,3,7,2009-7-1
NT,2009,Aug,2,8,2009-8-1
NT,2009,Sep,4,9,2009-9-1
NT,2009,Oct,5,10,2009-10-1
NT,2009,Nov,2,11,2009-11-1
NT,2009,Dec,2,12,2009-12-1
NT,2010,Jan,5,1,2010-1-1
NT,2010,Feb,1,2,2010-2-1
NT,2010,Mar,3,3,2010-3-1
NT,2010,Apr,2,4,2010-4-1
NT,2010,May,3,5,2010-5-1
NT,2010,Jun,3,6,2010-6-1
NT,2010,Jul,10,7,2010-7-1
NT,2010,Aug,7,8,2010-8-1
NT,2010,Sep,3,9,2010-9-1
NT,2010,Oct,4,10,2010-10-1
NT,2010,Nov,4,11,2010-11-1
NT,2010,Dec,5,12,2010-12-1
NT,2011,Feb,2,2,2011-2-1
NT,2011,Apr,3,4,2011-4-1
NT,2011,May,2,5,2011-5-1
NT,2011,Jun,4,6,2011-6-1
NT,2011,Jul,9,7,2011-7-1
NT,2011,Aug,3,8,2011-8-1
NT,2011,Sep,5,9,2011-9-1
NT,2011,Oct,5,10,2011-10-1
NT,2011,Nov,6,11,2011-11-1
NT,2011,Dec,6,12,2011-12-1
NT,2012,Jan,3,1,2012-1-1
NT,2012,Feb,2,2,2012-2-1
NT,2012,Mar,1,3,2012-3-1
NT,2012,Apr,4,4,2012-4-1
NT,2012,May,3,5,2012-5-1
NT,2012,Jun,6,6,2012-6-1
NT,2012,Jul,6,7,2012-7-1
NT,2012,Aug,9,8,2012-8-1
NT,2012,Sep,3,9,2012-9-1
NT,2012,Oct,3,10,2012-10-1
NT,2012,Nov,4,11,2012-11-1
NT,2012,Dec,5,12,2012-12-1
NT,2013,Jan,2,1,2013-1-1
NT,2013,Feb,1,2,2013-2-1
NT,2013,Apr,5,4,2013-4-1
NT,2013,May,4,5,2013-5-1
NT,2013,Jun,4,6,2013-6-1
NT,2013,Jul,3,7,2013-7-1
NT,2013,Aug,5,8,2013-8-1
NT,2013,Sep,4,9,2013-9-1
NT,2013,Oct,5,10,2013-10-1
NT,2013,Nov,2,11,2013-11-1
NT,2013,Dec,2,12,2013-12-1
NT,2014,Jan,3,1,2014-1-1
NT,2014,Feb,3,2,2014-2-1
NT,2014,Mar,3,3,2014-3-1
NT,2014,Apr,2,4,2014-4-1
NT,2014,May,7,5,2014-5-1
NT,2014,Jun,3,6,2014-6-1
NT,2014,Jul,3,7,2014-7-1
NT,2014,Aug,4,8,2014-8-1
NT,2014,Sep,2,9,2014-9-1
NT,2014,Oct,5,10,2014-10-1
NT,2014,Nov,2,11,2014-11-1
NT,2014,Dec,2,12,2014-12-1
NT,2015,Jan,1,1,2015-1-1
NT,2015,Feb,3,2,2015-2-1
NT,2015,Mar,4,3,2015-3-1
NT,2015,Apr,2,4,2015-4-1
NT,2015,May,5,5,2015-5-1
NT,2015,Jun,8,6,2015-6-1
NT,2015,Jul,4,7,2015-7-1
NT,2015,Aug,7,8,2015-8-1
NT,2015,Sep,3,9,2015-9-1
NT,2015,Oct,4,10,2015-10-1
NT,2015,Nov,1,11,2015-11-1
NT,2015,Dec,7,12,2015-12-1
NT,2016,Jan,3,1,2016-1-1
NT,2016,Feb,3,2,2016-2-1
NT,2016,Mar,3,3,2016-3-1
NT,2016,Apr,4,4,2016-4-1
NT,2016,May,4,5,2016-5-1
NT,2016,Jun,1,6,2016-6-1
NT,2016,Jul,5,7,2016-7-1
NT,2016,Aug,6,8,2016-8-1
NT,2016,Oct,7,10,2016-10-1
NT,2016,Nov,5,11,2016-11-1
NT,2016,Dec,4,12,2016-12-1
NT,2017,Jan,3,1,2017-1-1
NT,2017,Feb,3,2,2017-2-1
NT,2017,Mar,2,3,2017-3-1
NT,2017,Apr,3,4,2017-4-1
NT,2017,May,1,5,2017-5-1
NT,2017,Jun,5,6,2017-6-1
NT,2017,Jul,3,7,2017-7-1
NT,2017,Sep,2,9,2017-9-1
NT,2017,Oct,4,10,2017-10-1
NT,2017,Nov,1,11,2017-11-1
NT,2017,Dec,4,12,2017-12-1
NT,2018,Jan,3,1,2018-1-1
NT,2018,Feb,3,2,2018-2-1
NT,2018,Mar,9,3,2018-3-1
NT,2018,Apr,3,4,2018-4-1
NT,2018,May,5,5,2018-5-1
NT,2018,Jun,5,6,2018-6-1
NT,2018,Jul,3,7,2018-7-1
NT,2018,Aug,3,8,2018-8-1
NT,2018,Sep,2,9,2018-9-1
NT,2018,Oct,8,10,2018-10-1
NT,2018,Nov,3,11,2018-11-1
NT,2018,Dec,3,12,2018-12-1
NT,2019,Jan,5,1,2019-1-1
NT,2019,Feb,1,2,2019-2-1
NT,2019,Mar,1,3,2019-3-1
NT,2019,Apr,3,4,2019-4-1
NT,2019,May,3,5,2019-5-1
NT,2019,Jun,2,6,2019-6-1
NT,2019,Jul,4,7,2019-7-1
NT,2019,Aug,3,8,2019-8-1
NT,2019,Sep,1,9,2019-9-1
NT,2019,Oct,1,10,2019-10-1
NT,2019,Dec,12,12,2019-12-1
NT,2020,Jan,1,1,2020-1-1
NT,2020,Feb,4,2,2020-2-1
NT,2020,Mar,1,3,2020-3-1
NT,2020,Apr,1,4,2020-4-1
NT,2020,May,1,5,2020-5-1
NT,2020,Jun,3,6,2020-6-1
NT,2020,Jul,4,7,2020-7-1
NT,2020,Aug,5,8,2020-8-1
NT,2020,Oct,3,10,2020-10-1
NT,2020,Nov,3,11,2020-11-1
NT,2020,Dec,5,12,2020-12-1
NT,2021,Jan,3,1,2021-1-1
NT,2021,Mar,2,3,2021-3-1
NT,2021,Apr,2,4,2021-4-1
NT,2021,May,4,5,2021-5-1
NT,2021,Jun,6,6,2021-6-1
NT,2021,Jul,5,7,2021-7-1
NT,2021,Aug,3,8,2021-8-1
NT,2021,Sep,1,9,2021-9-1
NT,2021,Oct,3,10,2021-10-1
NT,2021,Nov,1,11,2021-11-1
NT,2021,Dec,5,12,2021-12-1
NT,2022,Jan,3,1,2022-1-1
NT,2022,Feb,7,2,2022-2-1
NT,2022,Mar,3,3,2022-3-1
NT,2022,Apr,4,4,2022-4-1
NT,2022,May,5,5,2022-5-1
NT,2022,Jun,5,6,2022-6-1
NT,2022,Jul,4,7,2022-7-1
NT,2022,Aug,5,8,2022-8-1
Qld,1989,Jan,27,1,1989-1-1
Qld,1989,Feb,27,2,1989-2-1
Qld,1989,Mar,42,3,1989-3-1
Qld,1989,Apr,24,4,1989-4-1
Qld,1989,May,31,5,1989-5-1
Qld,1989,Jun,28,6,1989-6-1
Qld,1989,Jul,42,7,1989-7-1
Qld,1989,Aug,32,8,1989-8-1
Qld,1989,Sep,36,9,1989-9-1
Qld,1989,Oct,41,10,1989-10-1
Qld,1989,Nov,51,11,1989-11-1
Qld,1989,Dec,47,12,1989-12-1
Qld,1990,Jan,23,1,1990-1-1
Qld,1990,Feb,28,2,1990-2-1
Qld,1990,Mar,32,3,1990-3-1
Qld,1990,Apr,29,4,1990-4-1
Qld,1990,May,30,5,1990-5-1
Qld,1990,Jun,39,6,1990-6-1
Qld,1990,Jul,31,7,1990-7-1
Qld,1990,Aug,39,8,1990-8-1
Qld,1990,Sep,49,9,1990-9-1
Qld,1990,Oct,33,10,1990-10-1
Qld,1990,Nov,28,11,1990-11-1
Qld,1990,Dec,38,12,1990-12-1
Qld,1991,Jan,21,1,1991-1-1
Qld,1991,Feb,23,2,1991-2-1
Qld,1991,Mar,34,3,1991-3-1
Qld,1991,Apr,31,4,1991-4-1
Qld,1991,May,38,5,1991-5-1
Qld,1991,Jun,29,6,1991-6-1
Qld,1991,Jul,43,7,1991-7-1
Qld,1991,Aug,34,8,1991-8-1
Qld,1991,Sep,34,9,1991-9-1
Qld,1991,Oct,31,10,1991-10-1
Qld,1991,Nov,41,11,1991-11-1
Qld,1991,Dec,36,12,1991-12-1
Qld,1992,Jan,34,1,1992-1-1
Qld,1992,Feb,19,2,1992-2-1
Qld,1992,Mar,22,3,1992-3-1
Qld,1992,Apr,43,4,1992-4-1
Qld,1992,May,40,5,1992-5-1
Qld,1992,Jun,43,6,1992-6-1
Qld,1992,Jul,37,7,1992-7-1
Qld,1992,Aug,37,8,1992-8-1
Qld,1992,Sep,29,9,1992-9-1
Qld,1992,Oct,37,10,1992-10-1
Qld,1992,Nov,35,11,1992-11-1
Qld,1992,Dec,40,12,1992-12-1
Qld,1993,Jan,29,1,1993-1-1
Qld,1993,Feb,34,2,1993-2-1
Qld,1993,Mar,20,3,1993-3-1
Qld,1993,Apr,26,4,1993-4-1
Qld,1993,May,25,5,1993-5-1
Qld,1993,Jun,33,6,1993-6-1
Qld,1993,Jul,35,7,1993-7-1
Qld,1993,Aug,46,8,1993-8-1
Qld,1993,Sep,38,9,1993-9-1
Qld,1993,Oct,45,10,1993-10-1
Qld,1993,Nov,28,11,1993-11-1
Qld,1993,Dec,37,12,1993-12-1
Qld,1994,Jan,37,1,1994-1-1
Qld,1994,Feb,31,2,1994-2-1
Qld,1994,Mar,28,3,1994-3-1
Qld,1994,Apr,22,4,1994-4-1
Qld,1994,May,26,5,1994-5-1
Qld,1994,Jun,41,6,1994-6-1
Qld,1994,Jul,31,7,1994-7-1
Qld,1994,Aug,34,8,1994-8-1
Qld,1994,Sep,32,9,1994-9-1
Qld,1994,Oct,59,10,1994-10-1
Qld,1994,Nov,38,11,1994-11-1
Qld,1994,Dec,39,12,1994-12-1
Qld,1995,Jan,40,1,1995-1-1
Qld,1995,Feb,32,2,1995-2-1
Qld,1995,Mar,38,3,1995-3-1
Qld,1995,Apr,27,4,1995-4-1
Qld,1995,May,45,5,1995-5-1
Qld,1995,Jun,42,6,1995-6-1
Qld,1995,Jul,41,7,1995-7-1
Qld,1995,Aug,33,8,1995-8-1
Qld,1995,Sep,43,9,1995-9-1
Qld,1995,Oct,41,10,1995-10-1
Qld,1995,Nov,39,11,1995-11-1
Qld,1995,Dec,35,12,1995-12-1
Qld,1996,Jan,20,1,1996-1-1
Qld,1996,Feb,28,2,1996-2-1
Qld,1996,Mar,30,3,1996-3-1
Qld,1996,Apr,16,4,1996-4-1
Qld,1996,May,32,5,1996-5-1
Qld,1996,Jun,33,6,1996-6-1
Qld,1996,Jul,28,7,1996-7-1
Qld,1996,Aug,38,8,1996-8-1
Qld,1996,Sep,37,9,1996-9-1
Qld,1996,Oct,36,10,1996-10-1
Qld,1996,Nov,48,11,1996-11-1
Qld,1996,Dec,39,12,1996-12-1
Qld,1997,Jan,27,1,1997-1-1
Qld,1997,Feb,34,2,1997-2-1
Qld,1997,Mar,31,3,1997-3-1
Qld,1997,Apr,26,4,1997-4-1
Qld,1997,May,34,5,1997-5-1
Qld,1997,Jun,19,6,1997-6-1
Qld,1997,Jul,32,7,1997-7-1
Qld,1997,Aug,40,8,1997-8-1
Qld,1997,Sep,34,9,1997-9-1
Qld,1997,Oct,27,10,1997-10-1
Qld,1997,Nov,19,11,1997-11-1
Qld,1997,Dec,37,12,1997-12-1
Qld,1998,Jan,20,1,1998-1-1
Qld,1998,Feb,17,2,1998-2-1
Qld,1998,Mar,21,3,1998-3-1
Qld,1998,Apr,19,4,1998-4-1
Qld,1998,May,14,5,1998-5-1
Qld,1998,Jun,25,6,1998-6-1
Qld,1998,Jul,33,7,1998-7-1
Qld,1998,Aug,25,8,1998-8-1
Qld,1998,Sep,24,9,1998-9-1
Qld,1998,Oct,20,10,1998-10-1
Qld,1998,Nov,33,11,1998-11-1
Qld,1998,Dec,28,12,1998-12-1
Qld,1999,Jan,25,1,1999-1-1
Qld,1999,Feb,12,2,1999-2-1
Qld,1999,Mar,27,3,1999-3-1
Qld,1999,Apr,19,4,1999-4-1
Qld,1999,May,30,5,1999-5-1
Qld,1999,Jun,24,6,1999-6-1
Qld,1999,Jul,32,7,1999-7-1
Qld,1999,Aug,24,8,1999-8-1
Qld,1999,Sep,30,9,1999-9-1
Qld,1999,Oct,37,10,1999-10-1
Qld,1999,Nov,28,11,1999-11-1
Qld,1999,Dec,26,12,1999-12-1
Qld,2000,Jan,30,1,2000-1-1
Qld,2000,Feb,17,2,2000-2-1
Qld,2000,Mar,32,3,2000-3-1
Qld,2000,Apr,23,4,2000-4-1
Qld,2000,May,30,5,2000-5-1
Qld,2000,Jun,20,6,2000-6-1
Qld,2000,Jul,33,7,2000-7-1
Qld,2000,Aug,30,8,2000-8-1
Qld,2000,Sep,26,9,2000-9-1
Qld,2000,Oct,25,10,2000-10-1
Qld,2000,Nov,26,11,2000-11-1
Qld,2000,Dec,25,12,2000-12-1
Qld,2001,Jan,25,1,2001-1-1
Qld,2001,Feb,17,2,2001-2-1
Qld,2001,Mar,20,3,2001-3-1
Qld,2001,Apr,22,4,2001-4-1
Qld,2001,May,30,5,2001-5-1
Qld,2001,Jun,30,6,2001-6-1
Qld,2001,Jul,36,7,2001-7-1
Qld,2001,Aug,22,8,2001-8-1
Qld,2001,Sep,34,9,2001-9-1
Qld,2001,Oct,33,10,2001-10-1
Qld,2001,Nov,28,11,2001-11-1
Qld,2001,Dec,27,12,2001-12-1
Qld,2002,Jan,23,1,2002-1-1
Qld,2002,Feb,20,2,2002-2-1
Qld,2002,Mar,25,3,2002-3-1
Qld,2002,Apr,24,4,2002-4-1
Qld,2002,May,27,5,2002-5-1
Qld,2002,Jun,20,6,2002-6-1
Qld,2002,Jul,27,7,2002-7-1
Qld,2002,Aug,35,8,2002-8-1
Qld,2002,Sep,31,9,2002-9-1
Qld,2002,Oct,37,10,2002-10-1
Qld,2002,Nov,30,11,2002-11-1
Qld,2002,Dec,23,12,2002-12-1
Qld,2003,Jan,21,1,2003-1-1
Qld,2003,Feb,17,2,2003-2-1
Qld,2003,Mar,23,3,2003-3-1
Qld,2003,Apr,36,4,2003-4-1
Qld,2003,May,22,5,2003-5-1
Qld,2003,Jun,37,6,2003-6-1
Qld,2003,Jul,20,7,2003-7-1
Qld,2003,Aug,28,8,2003-8-1
Qld,2003,Sep,25,9,2003-9-1
Qld,2003,Oct,22,10,2003-10-1
Qld,2003,Nov,31,11,2003-11-1
Qld,2003,Dec,28,12,2003-12-1
Qld,2004,Jan,26,1,2004-1-1
Qld,2004,Feb,12,2,2004-2-1
Qld,2004,Mar,30,3,2004-3-1
Qld,2004,Apr,28,4,2004-4-1
Qld,2004,May,25,5,2004-5-1
Qld,2004,Jun,22,6,2004-6-1
Qld,2004,Jul,28,7,2004-7-1
Qld,2004,Aug,32,8,2004-8-1
Qld,2004,Sep,21,9,2004-9-1
Qld,2004,Oct,33,10,2004-10-1
Qld,2004,Nov,28,11,2004-11-1
Qld,2004,Dec,26,12,2004-12-1
Qld,2005,Jan,17,1,2005-1-1
Qld,2005,Feb,21,2,2005-2-1
Qld,2005,Mar,24,3,2005-3-1
Qld,2005,Apr,32,4,2005-4-1
Qld,2005,May,21,5,2005-5-1
Qld,2005,Jun,29,6,2005-6-1
Qld,2005,Jul,22,7,2005-7-1
Qld,2005,Aug,42,8,2005-8-1
Qld,2005,Sep,25,9,2005-9-1
Qld,2005,Oct,30,10,2005-10-1
Qld,2005,Nov,30,11,2005-11-1
Qld,2005,Dec,37,12,2005-12-1
Qld,2006,Jan,29,1,2006-1-1
Qld,2006,Feb,20,2,2006-2-1
Qld,2006,Mar,25,3,2006-3-1
Qld,2006,Apr,26,4,2006-4-1
Qld,2006,May,29,5,2006-5-1
Qld,2006,Jun,27,6,2006-6-1
Qld,2006,Jul,25,7,2006-7-1
Qld,2006,Aug,28,8,2006-8-1
Qld,2006,Sep,32,9,2006-9-1
Qld,2006,Oct,29,10,2006-10-1
Qld,2006,Nov,30,11,2006-11-1
Qld,2006,Dec,35,12,2006-12-1
Qld,2007,Jan,21,1,2007-1-1
Qld,2007,Feb,36,2,2007-2-1
Qld,2007,Mar,30,3,2007-3-1
Qld,2007,Apr,25,4,2007-4-1
Qld,2007,May,41,5,2007-5-1
Qld,2007,Jun,34,6,2007-6-1
Qld,2007,Jul,29,7,2007-7-1
Qld,2007,Aug,37,8,2007-8-1
Qld,2007,Sep,31,9,2007-9-1
Qld,2007,Oct,23,10,2007-10-1
Qld,2007,Nov,28,11,2007-11-1
Qld,2007,Dec,25,12,2007-12-1
Qld,2008,Jan,28,1,2008-1-1
Qld,2008,Feb,24,2,2008-2-1
Qld,2008,Mar,28,3,2008-3-1
Qld,2008,Apr,26,4,2008-4-1
Qld,2008,May,21,5,2008-5-1
Qld,2008,Jun,31,6,2008-6-1
Qld,2008,Jul,32,7,2008-7-1
Qld,2008,Aug,34,8,2008-8-1
Qld,2008,Sep,25,9,2008-9-1
Qld,2008,Oct,26,10,2008-10-1
Qld,2008,Nov,23,11,2008-11-1
Qld,2008,Dec,30,12,2008-12-1
Qld,2009,Jan,27,1,2009-1-1
Qld,2009,Feb,26,2,2009-2-1
Qld,2009,Mar,31,3,2009-3-1
Qld,2009,Apr,36,4,2009-4-1
Qld,2009,May,27,5,2009-5-1
Qld,2009,Jun,34,6,2009-6-1
Qld,2009,Jul,32,7,2009-7-1
Qld,2009,Aug,23,8,2009-8-1
Qld,2009,Sep,32,9,2009-9-1
Qld,2009,Oct,22,10,2009-10-1
Qld,2009,Nov,22,11,2009-11-1
Qld,2009,Dec,19,12,2009-12-1
Qld,2010,Jan,15,1,2010-1-1
Qld,2010,Feb,20,2,2010-2-1
Qld,2010,Mar,16,3,2010-3-1
Qld,2010,Apr,20,4,2010-4-1
Qld,2010,May,22,5,2010-5-1
Qld,2010,Jun,26,6,2010-6-1
Qld,2010,Jul,23,7,2010-7-1
Qld,2010,Aug,15,8,2010-8-1
Qld,2010,Sep,25,9,2010-9-1
Qld,2010,Oct,17,10,2010-10-1
Qld,2010,Nov,25,11,2010-11-1
Qld,2010,Dec,25,12,2010-12-1
Qld,2011,Jan,17,1,2011-1-1
Qld,2011,Feb,16,2,2011-2-1
Qld,2011,Mar,23,3,2011-3-1
Qld,2011,Apr,23,4,2011-4-1
Qld,2011,May,26,5,2011-5-1
Qld,2011,Jun,16,6,2011-6-1
Qld,2011,Jul,25,7,2011-7-1
Qld,2011,Aug,29,8,2011-8-1
Qld,2011,Sep,20,9,2011-9-1
Qld,2011,Oct,16,10,2011-10-1
Qld,2011,Nov,33,11,2011-11-1
Qld,2011,Dec,25,12,2011-12-1
Qld,2012,Jan,25,1,2012-1-1
Qld,2012,Feb,17,2,2012-2-1
Qld,2012,Mar,15,3,2012-3-1
Qld,2012,Apr,26,4,2012-4-1
Qld,2012,May,30,5,2012-5-1
Qld,2012,Jun,17,6,2012-6-1
Qld,2012,Jul,17,7,2012-7-1
Qld,2012,Aug,33,8,2012-8-1
Qld,2012,Sep,30,9,2012-9-1
Qld,2012,Oct,25,10,2012-10-1
Qld,2012,Nov,23,11,2012-11-1
Qld,2012,Dec,22,12,2012-12-1
Qld,2013,Jan,32,1,2013-1-1
Qld,2013,Feb,24,2,2013-2-1
Qld,2013,Mar,19,3,2013-3-1
Qld,2013,Apr,24,4,2013-4-1
Qld,2013,May,31,5,2013-5-1
Qld,2013,Jun,17,6,2013-6-1
Qld,2013,Jul,18,7,2013-7-1
Qld,2013,Aug,25,8,2013-8-1
Qld,2013,Sep,25,9,2013-9-1
Qld,2013,Oct,17,10,2013-10-1
Qld,2013,Nov,20,11,2013-11-1
Qld,2013,Dec,19,12,2013-12-1
Qld,2014,Jan,18,1,2014-1-1
Qld,2014,Feb,12,2,2014-2-1
Qld,2014,Mar,22,3,2014-3-1
Qld,2014,Apr,12,4,2014-4-1
Qld,2014,May,22,5,2014-5-1
Qld,2014,Jun,19,6,2014-6-1
Qld,2014,Jul,19,7,2014-7-1
Qld,2014,Aug,25,8,2014-8-1
Qld,2014,Sep,21,9,2014-9-1
Qld,2014,Oct,20,10,2014-10-1
Qld,2014,Nov,20,11,2014-11-1
Qld,2014,Dec,13,12,2014-12-1
Qld,2015,Jan,16,1,2015-1-1
Qld,2015,Feb,10,2,2015-2-1
Qld,2015,Mar,21,3,2015-3-1
Qld,2015,Apr,29,4,2015-4-1
Qld,2015,May,22,5,2015-5-1
Qld,2015,Jun,19,6,2015-6-1
Qld,2015,Jul,24,7,2015-7-1
Qld,2015,Aug,18,8,2015-8-1
Qld,2015,Sep,21,9,2015-9-1
Qld,2015,Oct,26,10,2015-10-1
Qld,2015,Nov,24,11,2015-11-1
Qld,2015,Dec,13,12,2015-12-1
Qld,2016,Jan,25,1,2016-1-1
Qld,2016,Feb,16,2,2016-2-1
Qld,2016,Mar,15,3,2016-3-1
Qld,2016,Apr,21,4,2016-4-1
Qld,2016,May,21,5,2016-5-1
Qld,2016,Jun,20,6,2016-6-1
Qld,2016,Jul,28,7,2016-7-1
Qld,2016,Aug,17,8,2016-8-1
Qld,2016,Sep,18,9,2016-9-1
Qld,2016,Oct,20,10,2016-10-1
Qld,2016,Nov,20,11,2016-11-1
Qld,2016,Dec,30,12,2016-12-1
Qld,2017,Jan,23,1,2017-1-1
Qld,2017,Feb,18,2,2017-2-1
Qld,2017,Mar,14,3,2017-3-1
Qld,2017,Apr,12,4,2017-4-1
Qld,2017,May,24,5,2017-5-1
Qld,2017,Jun,27,6,2017-6-1
Qld,2017,Jul,23,7,2017-7-1
Qld,2017,Aug,17,8,2017-8-1
Qld,2017,Sep,29,9,2017-9-1
Qld,2017,Oct,22,10,2017-10-1
Qld,2017,Nov,14,11,2017-11-1
Qld,2017,Dec,24,12,2017-12-1
Qld,2018,Jan,16,1,2018-1-1
Qld,2018,Feb,19,2,2018-2-1
Qld,2018,Mar,29,3,2018-3-1
Qld,2018,Apr,16,4,2018-4-1
Qld,2018,May,14,5,2018-5-1
Qld,2018,Jun,23,6,2018-6-1
Qld,2018,Jul,29,7,2018-7-1
Qld,2018,Aug,26,8,2018-8-1
Qld,2018,Sep,20,9,2018-9-1
Qld,2018,Oct,11,10,2018-10-1
Qld,2018,Nov,18,11,2018-11-1
Qld,2018,Dec,24,12,2018-12-1
Qld,2019,Jan,15,1,2019-1-1
Qld,2019,Feb,10,2,2019-2-1
Qld,2019,Mar,23,3,2019-3-1
Qld,2019,Apr,14,4,2019-4-1
Qld,2019,May,22,5,2019-5-1
Qld,2019,Jun,15,6,2019-6-1
Qld,2019,Jul,19,7,2019-7-1
Qld,2019,Aug,23,8,2019-8-1
Qld,2019,Sep,22,9,2019-9-1
Qld,2019,Oct,25,10,2019-10-1
Qld,2019,Nov,15,11,2019-11-1
Qld,2019,Dec,16,12,2019-12-1
Qld,2020,Jan,10,1,2020-1-1
Qld,2020,Feb,15,2,2020-2-1
Qld,2020,Mar,23,3,2020-3-1
Qld,2020,Apr,20,4,2020-4-1
Qld,2020,May,22,5,2020-5-1
Qld,2020,Jun,27,6,2020-6-1
Qld,2020,Jul,25,7,2020-7-1
Qld,2020,Aug,27,8,2020-8-1
Qld,2020,Sep,25,9,2020-9-1
Qld,2020,Oct,30,10,2020-10-1
Qld,2020,Nov,24,11,2020-11-1
Qld,2020,Dec,30,12,2020-12-1
Qld,2021,Jan,20,1,2021-1-1
Qld,2021,Feb,28,2,2021-2-1
Qld,2021,Mar,28,3,2021-3-1
Qld,2021,Apr,17,4,2021-4-1
Qld,2021,May,16,5,2021-5-1
Qld,2021,Jun,28,6,2021-6-1
Qld,2021,Jul,32,7,2021-7-1
Qld,2021,Aug,22,8,2021-8-1
Qld,2021,Sep,16,9,2021-9-1
Qld,2021,Oct,36,10,2021-10-1
Qld,2021,Nov,22,11,2021-11-1
Qld,2021,Dec,14,12,2021-12-1
Qld,2022,Jan,19,1,2022-1-1
Qld,2022,Feb,35,2,2022-2-1
Qld,2022,Mar,21,3,2022-3-1
Qld,2022,Apr,18,4,2022-4-1
Qld,2022,May,35,5,2022-5-1
Qld,2022,Jun,23,6,2022-6-1
Qld,2022,Jul,23,7,2022-7-1
Qld,2022,Aug,28,8,2022-8-1
SA,1989,Jan,27,1,1989-1-1
SA,1989,Feb,14,2,1989-2-1
SA,1989,Mar,18,3,1989-3-1
SA,1989,Apr,23,4,1989-4-1
SA,1989,May,12,5,1989-5-1
SA,1989,Jun,19,6,1989-6-1
SA,1989,Jul,9,7,1989-7-1
SA,1989,Aug,15,8,1989-8-1
SA,1989,Sep,20,9,1989-9-1
SA,1989,Oct,26,10,1989-10-1
SA,1989,Nov,14,11,1989-11-1
SA,1989,Dec,25,12,1989-12-1
SA,1990,Jan,16,1,1990-1-1
SA,1990,Feb,17,2,1990-2-1
SA,1990,Mar,20,3,1990-3-1
SA,1990,Apr,15,4,1990-4-1
SA,1990,May,19,5,1990-5-1
SA,1990,Jun,14,6,1990-6-1
SA,1990,Jul,21,7,1990-7-1
SA,1990,Aug,23,8,1990-8-1
SA,1990,Sep,28,9,1990-9-1
SA,1990,Oct,16,10,1990-10-1
SA,1990,Nov,17,11,1990-11-1
SA,1990,Dec,20,12,1990-12-1
SA,1991,Jan,10,1,1991-1-1
SA,1991,Feb,18,2,1991-2-1
SA,1991,Mar,23,3,1991-3-1
SA,1991,Apr,18,4,1991-4-1
SA,1991,May,11,5,1991-5-1
SA,1991,Jun,12,6,1991-6-1
SA,1991,Jul,13,7,1991-7-1
SA,1991,Aug,13,8,1991-8-1
SA,1991,Sep,13,9,1991-9-1
SA,1991,Oct,21,10,1991-10-1
SA,1991,Nov,16,11,1991-11-1
SA,1991,Dec,16,12,1991-12-1
SA,1992,Jan,23,1,1992-1-1
SA,1992,Feb,12,2,1992-2-1
SA,1992,Mar,21,3,1992-3-1
SA,1992,Apr,17,4,1992-4-1
SA,1992,May,15,5,1992-5-1
SA,1992,Jun,9,6,1992-6-1
SA,1992,Jul,22,7,1992-7-1
SA,1992,Aug,13,8,1992-8-1
SA,1992,Sep,6,9,1992-9-1
SA,1992,Oct,11,10,1992-10-1
SA,1992,Nov,6,11,1992-11-1
SA,1992,Dec,10,12,1992-12-1
SA,1993,Jan,20,1,1993-1-1
SA,1993,Feb,14,2,1993-2-1
SA,1993,Mar,22,3,1993-3-1
SA,1993,Apr,20,4,1993-4-1
SA,1993,May,20,5,1993-5-1
SA,1993,Jun,14,6,1993-6-1
SA,1993,Jul,15,7,1993-7-1
SA,1993,Aug,15,8,1993-8-1
SA,1993,Sep,18,9,1993-9-1
SA,1993,Oct,22,10,1993-10-1
SA,1993,Nov,18,11,1993-11-1
SA,1993,Dec,20,12,1993-12-1
SA,1994,Jan,8,1,1994-1-1
SA,1994,Feb,10,2,1994-2-1
SA,1994,Mar,23,3,1994-3-1
SA,1994,Apr,15,4,1994-4-1
SA,1994,May,11,5,1994-5-1
SA,1994,Jun,14,6,1994-6-1
SA,1994,Jul,17,7,1994-7-1
SA,1994,Aug,9,8,1994-8-1
SA,1994,Sep,15,9,1994-9-1
SA,1994,Oct,11,10,1994-10-1
SA,1994,Nov,16,11,1994-11-1
SA,1994,Dec,10,12,1994-12-1
SA,1995,Jan,18,1,1995-1-1
SA,1995,Feb,9,2,1995-2-1
SA,1995,Mar,11,3,1995-3-1
SA,1995,Apr,14,4,1995-4-1
SA,1995,May,17,5,1995-5-1
SA,1995,Jun,16,6,1995-6-1
SA,1995,Jul,7,7,1995-7-1
SA,1995,Aug,19,8,1995-8-1
SA,1995,Sep,16,9,1995-9-1
SA,1995,Oct,26,10,1995-10-1
SA,1995,Nov,15,11,1995-11-1
SA,1995,Dec,13,12,1995-12-1
SA,1996,Jan,18,1,1996-1-1
SA,1996,Feb,15,2,1996-2-1
SA,1996,Mar,17,3,1996-3-1
SA,1996,Apr,14,4,1996-4-1
SA,1996,May,13,5,1996-5-1
SA,1996,Jun,19,6,1996-6-1
SA,1996,Jul,12,7,1996-7-1
SA,1996,Aug,22,8,1996-8-1
SA,1996,Sep,19,9,1996-9-1
SA,1996,Oct,7,10,1996-10-1
SA,1996,Nov,12,11,1996-11-1
SA,1996,Dec,13,12,1996-12-1
SA,1997,Jan,13,1,1997-1-1
SA,1997,Feb,9,2,1997-2-1
SA,1997,Mar,8,3,1997-3-1
SA,1997,Apr,11,4,1997-4-1
SA,1997,May,12,5,1997-5-1
SA,1997,Jun,13,6,1997-6-1
SA,1997,Jul,7,7,1997-7-1
SA,1997,Aug,16,8,1997-8-1
SA,1997,Sep,12,9,1997-9-1
SA,1997,Oct,15,10,1997-10-1
SA,1997,Nov,15,11,1997-11-1
SA,1997,Dec,17,12,1997-12-1
SA,1998,Jan,11,1,1998-1-1
SA,1998,Feb,27,2,1998-2-1
SA,1998,Mar,16,3,1998-3-1
SA,1998,Apr,16,4,1998-4-1
SA,1998,May,12,5,1998-5-1
SA,1998,Jun,16,6,1998-6-1
SA,1998,Jul,10,7,1998-7-1
SA,1998,Aug,10,8,1998-8-1
SA,1998,Sep,13,9,1998-9-1
SA,1998,Oct,16,10,1998-10-1
SA,1998,Nov,10,11,1998-11-1
SA,1998,Dec,11,12,1998-12-1
SA,1999,Jan,20,1,1999-1-1
SA,1999,Feb,12,2,1999-2-1
SA,1999,Mar,5,3,1999-3-1
SA,1999,Apr,27,4,1999-4-1
SA,1999,May,11,5,1999-5-1
SA,1999,Jun,11,6,1999-6-1
SA,1999,Jul,13,7,1999-7-1
SA,1999,Aug,5,8,1999-8-1
SA,1999,Sep,9,9,1999-9-1
SA,1999,Oct,14,10,1999-10-1
SA,1999,Nov,13,11,1999-11-1
SA,1999,Dec,11,12,1999-12-1
SA,2000,Jan,11,1,2000-1-1
SA,2000,Feb,6,2,2000-2-1
SA,2000,Mar,15,3,2000-3-1
SA,2000,Apr,16,4,2000-4-1
SA,2000,May,18,5,2000-5-1
SA,2000,Jun,18,6,2000-6-1
SA,2000,Jul,12,7,2000-7-1
SA,2000,Aug,12,8,2000-8-1
SA,2000,Sep,17,9,2000-9-1
SA,2000,Oct,18,10,2000-10-1
SA,2000,Nov,10,11,2000-11-1
SA,2000,Dec,13,12,2000-12-1
SA,2001,Jan,7,1,2001-1-1
SA,2001,Feb,12,2,2001-2-1
SA,2001,Mar,16,3,2001-3-1
SA,2001,Apr,9,4,2001-4-1
SA,2001,May,10,5,2001-5-1
SA,2001,Jun,23,6,2001-6-1
SA,2001,Jul,8,7,2001-7-1
SA,2001,Aug,15,8,2001-8-1
SA,2001,Sep,14,9,2001-9-1
SA,2001,Oct,13,10,2001-10-1
SA,2001,Nov,14,11,2001-11-1
SA,2001,Dec,12,12,2001-12-1
SA,2002,Jan,15,1,2002-1-1
SA,2002,Feb,9,2,2002-2-1
SA,2002,Mar,5,3,2002-3-1
SA,2002,Apr,15,4,2002-4-1
SA,2002,May,12,5,2002-5-1
SA,2002,Jun,12,6,2002-6-1
SA,2002,Jul,15,7,2002-7-1
SA,2002,Aug,6,8,2002-8-1
SA,2002,Sep,13,9,2002-9-1
SA,2002,Oct,15,10,2002-10-1
SA,2002,Nov,16,11,2002-11-1
SA,2002,Dec,21,12,2002-12-1
SA,2003,Jan,11,1,2003-1-1
SA,2003,Feb,14,2,2003-2-1
SA,2003,Mar,17,3,2003-3-1
SA,2003,Apr,8,4,2003-4-1
SA,2003,May,12,5,2003-5-1
SA,2003,Jun,13,6,2003-6-1
SA,2003,Jul,12,7,2003-7-1
SA,2003,Aug,16,8,2003-8-1
SA,2003,Sep,12,9,2003-9-1
SA,2003,Oct,16,10,2003-10-1
SA,2003,Nov,10,11,2003-11-1
SA,2003,Dec,16,12,2003-12-1
SA,2004,Jan,13,1,2004-1-1
SA,2004,Feb,10,2,2004-2-1
SA,2004,Mar,8,3,2004-3-1
SA,2004,Apr,10,4,2004-4-1
SA,2004,May,12,5,2004-5-1
SA,2004,Jun,14,6,2004-6-1
SA,2004,Jul,18,7,2004-7-1
SA,2004,Aug,12,8,2004-8-1
SA,2004,Sep,11,9,2004-9-1
SA,2004,Oct,15,10,2004-10-1
SA,2004,Nov,7,11,2004-11-1
SA,2004,Dec,9,12,2004-12-1
SA,2005,Jan,6,1,2005-1-1
SA,2005,Feb,9,2,2005-2-1
SA,2005,Mar,27,3,2005-3-1
SA,2005,Apr,10,4,2005-4-1
SA,2005,May,14,5,2005-5-1
SA,2005,Jun,7,6,2005-6-1
SA,2005,Jul,17,7,2005-7-1
SA,2005,Aug,14,8,2005-8-1
SA,2005,Sep,8,9,2005-9-1
SA,2005,Oct,8,10,2005-10-1
SA,2005,Nov,14,11,2005-11-1
SA,2005,Dec,14,12,2005-12-1
SA,2006,Jan,13,1,2006-1-1
SA,2006,Feb,8,2,2006-2-1
SA,2006,Mar,12,3,2006-3-1
SA,2006,Apr,10,4,2006-4-1
SA,2006,May,12,5,2006-5-1
SA,2006,Jun,16,6,2006-6-1
SA,2006,Jul,8,7,2006-7-1
SA,2006,Aug,8,8,2006-8-1
SA,2006,Sep,8,9,2006-9-1
SA,2006,Oct,4,10,2006-10-1
SA,2006,Nov,8,11,2006-11-1
SA,2006,Dec,10,12,2006-12-1
SA,2007,Jan,12,1,2007-1-1
SA,2007,Feb,9,2,2007-2-1
SA,2007,Mar,10,3,2007-3-1
SA,2007,Apr,14,4,2007-4-1
SA,2007,May,8,5,2007-5-1
SA,2007,Jun,5,6,2007-6-1
SA,2007,Jul,7,7,2007-7-1
SA,2007,Aug,11,8,2007-8-1
SA,2007,Sep,10,9,2007-9-1
SA,2007,Oct,11,10,2007-10-1
SA,2007,Nov,13,11,2007-11-1
SA,2007,Dec,14,12,2007-12-1
SA,2008,Jan,5,1,2008-1-1
SA,2008,Feb,9,2,2008-2-1
SA,2008,Mar,7,3,2008-3-1
SA,2008,Apr,9,4,2008-4-1
SA,2008,May,5,5,2008-5-1
SA,2008,Jun,6,6,2008-6-1
SA,2008,Jul,8,7,2008-7-1
SA,2008,Aug,11,8,2008-8-1
SA,2008,Sep,14,9,2008-9-1
SA,2008,Oct,6,10,2008-10-1
SA,2008,Nov,9,11,2008-11-1
SA,2008,Dec,10,12,2008-12-1
SA,2009,Jan,6,1,2009-1-1
SA,2009,Feb,15,2,2009-2-1
SA,2009,Mar,13,3,2009-3-1
SA,2009,Apr,7,4,2009-4-1
SA,2009,May,20,5,2009-5-1
SA,2009,Jun,9,6,2009-6-1
SA,2009,Jul,5,7,2009-7-1
SA,2009,Aug,9,8,2009-8-1
SA,2009,Sep,11,9,2009-9-1
SA,2009,Oct,7,10,2009-10-1
SA,2009,Nov,9,11,2009-11-1
SA,2009,Dec,8,12,2009-12-1
SA,2010,Jan,21,1,2010-1-1
SA,2010,Feb,9,2,2010-2-1
SA,2010,Mar,10,3,2010-3-1
SA,2010,Apr,9,4,2010-4-1
SA,2010,May,12,5,2010-5-1
SA,2010,Jun,8,6,2010-6-1
SA,2010,Jul,7,7,2010-7-1
SA,2010,Aug,7,8,2010-8-1
SA,2010,Sep,3,9,2010-9-1
SA,2010,Oct,12,10,2010-10-1
SA,2010,Nov,12,11,2010-11-1
SA,2010,Dec,8,12,2010-12-1
SA,2011,Jan,12,1,2011-1-1
SA,2011,Feb,9,2,2011-2-1
SA,2011,Mar,7,3,2011-3-1
SA,2011,Apr,12,4,2011-4-1
SA,2011,May,11,5,2011-5-1
SA,2011,Jun,11,6,2011-6-1
SA,2011,Jul,7,7,2011-7-1
SA,2011,Aug,8,8,2011-8-1
SA,2011,Sep,6,9,2011-9-1
SA,2011,Oct,7,10,2011-10-1
SA,2011,Nov,6,11,2011-11-1
SA,2011,Dec,7,12,2011-12-1
SA,2012,Jan,6,1,2012-1-1
SA,2012,Feb,9,2,2012-2-1
SA,2012,Mar,10,3,2012-3-1
SA,2012,Apr,11,4,2012-4-1
SA,2012,May,5,5,2012-5-1
SA,2012,Jun,7,6,2012-6-1
SA,2012,Jul,5,7,2012-7-1
SA,2012,Aug,9,8,2012-8-1
SA,2012,Sep,8,9,2012-9-1
SA,2012,Oct,5,10,2012-10-1
SA,2012,Nov,8,11,2012-11-1
SA,2012,Dec,11,12,2012-12-1
SA,2013,Jan,11,1,2013-1-1
SA,2013,Feb,4,2,2013-2-1
SA,2013,Mar,17,3,2013-3-1
SA,2013,Apr,4,4,2013-4-1
SA,2013,May,5,5,2013-5-1
SA,2013,Jun,13,6,2013-6-1
SA,2013,Jul,11,7,2013-7-1
SA,2013,Aug,9,8,2013-8-1
SA,2013,Sep,3,9,2013-9-1
SA,2013,Oct,6,10,2013-10-1
SA,2013,Nov,9,11,2013-11-1
SA,2013,Dec,6,12,2013-12-1
SA,2014,Jan,8,1,2014-1-1
SA,2014,Feb,5,2,2014-2-1
SA,2014,Mar,12,3,2014-3-1
SA,2014,Apr,5,4,2014-4-1
SA,2014,May,7,5,2014-5-1
SA,2014,Jun,6,6,2014-6-1
SA,2014,Jul,9,7,2014-7-1
SA,2014,Aug,8,8,2014-8-1
SA,2014,Sep,11,9,2014-9-1
SA,2014,Oct,9,10,2014-10-1
SA,2014,Nov,8,11,2014-11-1
SA,2014,Dec,20,12,2014-12-1
SA,2015,Jan,13,1,2015-1-1
SA,2015,Feb,4,2,2015-2-1
SA,2015,Mar,3,3,2015-3-1
SA,2015,Apr,9,4,2015-4-1
SA,2015,May,8,5,2015-5-1
SA,2015,Jun,11,6,2015-6-1
SA,2015,Jul,4,7,2015-7-1
SA,2015,Aug,11,8,2015-8-1
SA,2015,Sep,7,9,2015-9-1
SA,2015,Oct,19,10,2015-10-1
SA,2015,Nov,8,11,2015-11-1
SA,2015,Dec,5,12,2015-12-1
SA,2016,Jan,7,1,2016-1-1
SA,2016,Feb,4,2,2016-2-1
SA,2016,Mar,8,3,2016-3-1
SA,2016,Apr,10,4,2016-4-1
SA,2016,May,7,5,2016-5-1
SA,2016,Jun,7,6,2016-6-1
SA,2016,Jul,4,7,2016-7-1
SA,2016,Aug,6,8,2016-8-1
SA,2016,Sep,7,9,2016-9-1
SA,2016,Oct,10,10,2016-10-1
SA,2016,Nov,10,11,2016-11-1
SA,2016,Dec,6,12,2016-12-1
SA,2017,Jan,5,1,2017-1-1
SA,2017,Feb,4,2,2017-2-1
SA,2017,Mar,8,3,2017-3-1
SA,2017,Apr,8,4,2017-4-1
SA,2017,May,5,5,2017-5-1
SA,2017,Jun,9,6,2017-6-1
SA,2017,Jul,11,7,2017-7-1
SA,2017,Aug,15,8,2017-8-1
SA,2017,Sep,6,9,2017-9-1
SA,2017,Oct,9,10,2017-10-1
SA,2017,Nov,11,11,2017-11-1
SA,2017,Dec,9,12,2017-12-1
SA,2018,Jan,5,1,2018-1-1
SA,2018,Feb,3,2,2018-2-1
SA,2018,Mar,11,3,2018-3-1
SA,2018,Apr,7,4,2018-4-1
SA,2018,May,7,5,2018-5-1
SA,2018,Jun,5,6,2018-6-1
SA,2018,Jul,4,7,2018-7-1
SA,2018,Aug,3,8,2018-8-1
SA,2018,Sep,10,9,2018-9-1
SA,2018,Oct,4,10,2018-10-1
SA,2018,Nov,12,11,2018-11-1
SA,2018,Dec,9,12,2018-12-1
SA,2019,Jan,14,1,2019-1-1
SA,2019,Feb,3,2,2019-2-1
SA,2019,Mar,13,3,2019-3-1
SA,2019,Apr,11,4,2019-4-1
SA,2019,May,12,5,2019-5-1
SA,2019,Jun,8,6,2019-6-1
SA,2019,Jul,8,7,2019-7-1
SA,2019,Aug,8,8,2019-8-1
SA,2019,Sep,3,9,2019-9-1
SA,2019,Oct,8,10,2019-10-1
SA,2019,Nov,13,11,2019-11-1
SA,2019,Dec,13,12,2019-12-1
SA,2020,Jan,8,1,2020-1-1
SA,2020,Feb,8,2,2020-2-1
SA,2020,Mar,14,3,2020-3-1
SA,2020,Apr,7,4,2020-4-1
SA,2020,May,7,5,2020-5-1
SA,2020,Jun,2,6,2020-6-1
SA,2020,Jul,10,7,2020-7-1
SA,2020,Aug,5,8,2020-8-1
SA,2020,Sep,3,9,2020-9-1
SA,2020,Oct,7,10,2020-10-1
SA,2020,Nov,14,11,2020-11-1
SA,2020,Dec,8,12,2020-12-1
SA,2021,Jan,8,1,2021-1-1
SA,2021,Feb,9,2,2021-2-1
SA,2021,Mar,14,3,2021-3-1
SA,2021,Apr,8,4,2021-4-1
SA,2021,May,5,5,2021-5-1
SA,2021,Jun,8,6,2021-6-1
SA,2021,Jul,9,7,2021-7-1
SA,2021,Aug,4,8,2021-8-1
SA,2021,Sep,8,9,2021-9-1
SA,2021,Oct,10,10,2021-10-1
SA,2021,Nov,9,11,2021-11-1
SA,2021,Dec,7,12,2021-12-1
SA,2022,Jan,4,1,2022-1-1
SA,2022,Feb,9,2,2022-2-1
SA,2022,Mar,5,3,2022-3-1
SA,2022,Apr,9,4,2022-4-1
SA,2022,May,6,5,2022-5-1
SA,2022,Jun,5,6,2022-6-1
SA,2022,Jul,5,7,2022-7-1
SA,2022,Aug,5,8,2022-8-1
Tas,1989,Jan,14,1,1989-1-1
Tas,1989,Feb,7,2,1989-2-1
Tas,1989,Mar,8,3,1989-3-1
Tas,1989,Apr,5,4,1989-4-1
Tas,1989,May,7,5,1989-5-1
Tas,1989,Jun,10,6,1989-6-1
Tas,1989,Jul,6,7,1989-7-1
Tas,1989,Aug,7,8,1989-8-1
Tas,1989,Sep,6,9,1989-9-1
Tas,1989,Oct,1,10,1989-10-1
Tas,1989,Nov,5,11,1989-11-1
Tas,1989,Dec,4,12,1989-12-1
Tas,1990,Jan,8,1,1990-1-1
Tas,1990,Feb,9,2,1990-2-1
Tas,1990,Mar,7,3,1990-3-1
Tas,1990,Apr,6,4,1990-4-1
Tas,1990,May,1,5,1990-5-1
Tas,1990,Jun,6,6,1990-6-1
Tas,1990,Jul,1,7,1990-7-1
Tas,1990,Aug,4,8,1990-8-1
Tas,1990,Sep,8,9,1990-9-1
Tas,1990,Oct,6,10,1990-10-1
Tas,1990,Nov,7,11,1990-11-1
Tas,1990,Dec,8,12,1990-12-1
Tas,1991,Jan,4,1,1991-1-1
Tas,1991,Feb,8,2,1991-2-1
Tas,1991,Mar,10,3,1991-3-1
Tas,1991,Apr,10,4,1991-4-1
Tas,1991,May,7,5,1991-5-1
Tas,1991,Jun,7,6,1991-6-1
Tas,1991,Jul,4,7,1991-7-1
Tas,1991,Aug,7,8,1991-8-1
Tas,1991,Sep,3,9,1991-9-1
Tas,1991,Oct,6,10,1991-10-1
Tas,1991,Nov,6,11,1991-11-1
Tas,1991,Dec,5,12,1991-12-1
Tas,1992,Jan,7,1,1992-1-1
Tas,1992,Feb,4,2,1992-2-1
Tas,1992,Mar,5,3,1992-3-1
Tas,1992,Apr,7,4,1992-4-1
Tas,1992,May,2,5,1992-5-1
Tas,1992,Jun,9,6,1992-6-1
Tas,1992,Jul,2,7,1992-7-1
Tas,1992,Aug,3,8,1992-8-1
Tas,1992,Sep,4,9,1992-9-1
Tas,1992,Oct,20,10,1992-10-1
Tas,1992,Nov,4,11,1992-11-1
Tas,1992,Dec,7,12,1992-12-1
Tas,1993,Jan,8,1,1993-1-1
Tas,1993,Feb,4,2,1993-2-1
Tas,1993,Mar,3,3,1993-3-1
Tas,1993,Apr,3,4,1993-4-1
Tas,1993,May,4,5,1993-5-1
Tas,1993,Jun,2,6,1993-6-1
Tas,1993,Jul,3,7,1993-7-1
Tas,1993,Aug,5,8,1993-8-1
Tas,1993,Sep,7,9,1993-9-1
Tas,1993,Oct,6,10,1993-10-1
Tas,1993,Nov,7,11,1993-11-1
Tas,1993,Dec,6,12,1993-12-1
Tas,1994,Jan,3,1,1994-1-1
Tas,1994,Feb,4,2,1994-2-1
Tas,1994,Mar,5,3,1994-3-1
Tas,1994,Apr,5,4,1994-4-1
Tas,1994,May,5,5,1994-5-1
Tas,1994,Jun,8,6,1994-6-1
Tas,1994,Jul,7,7,1994-7-1
Tas,1994,Aug,4,8,1994-8-1
Tas,1994,Sep,5,9,1994-9-1
Tas,1994,Oct,5,10,1994-10-1
Tas,1994,Nov,3,11,1994-11-1
Tas,1994,Dec,5,12,1994-12-1
Tas,1995,Jan,4,1,1995-1-1
Tas,1995,Feb,3,2,1995-2-1
Tas,1995,Mar,8,3,1995-3-1
Tas,1995,Apr,8,4,1995-4-1
Tas,1995,May,7,5,1995-5-1
Tas,1995,Jun,3,6,1995-6-1
Tas,1995,Jul,4,7,1995-7-1
Tas,1995,Aug,8,8,1995-8-1
Tas,1995,Sep,6,9,1995-9-1
Tas,1995,Nov,4,11,1995-11-1
Tas,1995,Dec,2,12,1995-12-1
Tas,1996,Jan,9,1,1996-1-1
Tas,1996,Feb,7,2,1996-2-1
Tas,1996,Mar,9,3,1996-3-1
Tas,1996,Apr,11,4,1996-4-1
Tas,1996,May,3,5,1996-5-1
Tas,1996,Jun,2,6,1996-6-1
Tas,1996,Jul,6,7,1996-7-1
Tas,1996,Aug,3,8,1996-8-1
Tas,1996,Sep,4,9,1996-9-1
Tas,1996,Oct,3,10,1996-10-1
Tas,1996,Nov,2,11,1996-11-1
Tas,1996,Dec,5,12,1996-12-1
Tas,1997,Jan,6,1,1997-1-1
Tas,1997,Feb,1,2,1997-2-1
Tas,1997,Mar,3,3,1997-3-1
Tas,1997,Apr,4,4,1997-4-1
Tas,1997,May,4,5,1997-5-1
Tas,1997,Jun,2,6,1997-6-1
Tas,1997,Jul,1,7,1997-7-1
Tas,1997,Aug,3,8,1997-8-1
Tas,1997,Sep,1,9,1997-9-1
Tas,1997,Oct,4,10,1997-10-1
Tas,1997,Dec,3,12,1997-12-1
Tas,1998,Jan,4,1,1998-1-1
Tas,1998,Feb,3,2,1998-2-1
Tas,1998,Mar,7,3,1998-3-1
Tas,1998,Apr,5,4,1998-4-1
Tas,1998,May,5,5,1998-5-1
Tas,1998,Jun,1,6,1998-6-1
Tas,1998,Jul,2,7,1998-7-1
Tas,1998,Aug,5,8,1998-8-1
Tas,1998,Sep,1,9,1998-9-1
Tas,1998,Oct,2,10,1998-10-1
Tas,1998,Nov,6,11,1998-11-1
Tas,1998,Dec,7,12,1998-12-1
Tas,1999,Jan,6,1,1999-1-1
Tas,1999,Feb,3,2,1999-2-1
Tas,1999,Mar,6,3,1999-3-1
Tas,1999,Apr,6,4,1999-4-1
Tas,1999,May,6,5,1999-5-1
Tas,1999,Jun,3,6,1999-6-1
Tas,1999,Jul,2,7,1999-7-1
Tas,1999,Aug,4,8,1999-8-1
Tas,1999,Sep,4,9,1999-9-1
Tas,1999,Oct,2,10,1999-10-1
Tas,1999,Nov,8,11,1999-11-1
Tas,1999,Dec,3,12,1999-12-1
Tas,2000,Jan,4,1,2000-1-1
Tas,2000,Feb,8,2,2000-2-1
Tas,2000,Mar,2,3,2000-3-1
Tas,2000,Apr,4,4,2000-4-1
Tas,2000,May,5,5,2000-5-1
Tas,2000,Jun,1,6,2000-6-1
Tas,2000,Jul,2,7,2000-7-1
Tas,2000,Aug,2,8,2000-8-1
Tas,2000,Sep,3,9,2000-9-1
Tas,2000,Oct,1,10,2000-10-1
Tas,2000,Nov,5,11,2000-11-1
Tas,2000,Dec,6,12,2000-12-1
Tas,2001,Jan,5,1,2001-1-1
Tas,2001,Feb,8,2,2001-2-1
Tas,2001,Mar,14,3,2001-3-1
Tas,2001,Apr,4,4,2001-4-1
Tas,2001,May,5,5,2001-5-1
Tas,2001,Jun,7,6,2001-6-1
Tas,2001,Jul,2,7,2001-7-1
Tas,2001,Aug,4,8,2001-8-1
Tas,2001,Sep,5,9,2001-9-1
Tas,2001,Oct,3,10,2001-10-1
Tas,2001,Nov,4,11,2001-11-1
Tas,2002,Jan,3,1,2002-1-1
Tas,2002,Feb,4,2,2002-2-1
Tas,2002,Mar,7,3,2002-3-1
Tas,2002,Apr,7,4,2002-4-1
Tas,2002,May,3,5,2002-5-1
Tas,2002,Jun,2,6,2002-6-1
Tas,2002,Jul,1,7,2002-7-1
Tas,2002,Aug,4,8,2002-8-1
Tas,2002,Sep,1,9,2002-9-1
Tas,2002,Oct,1,10,2002-10-1
Tas,2002,Nov,3,11,2002-11-1
Tas,2002,Dec,1,12,2002-12-1
Tas,2003,Jan,7,1,2003-1-1
Tas,2003,Mar,3,3,2003-3-1
Tas,2003,Apr,4,4,2003-4-1
Tas,2003,May,3,5,2003-5-1
Tas,2003,Jun,5,6,2003-6-1
Tas,2003,Jul,3,7,2003-7-1
Tas,2003,Aug,3,8,2003-8-1
Tas,2003,Sep,2,9,2003-9-1
Tas,2003,Oct,4,10,2003-10-1
Tas,2003,Nov,4,11,2003-11-1
Tas,2003,Dec,3,12,2003-12-1
Tas,2004,Jan,3,1,2004-1-1
Tas,2004,Feb,10,2,2004-2-1
Tas,2004,Mar,5,3,2004-3-1
Tas,2004,Apr,5,4,2004-4-1
Tas,2004,May,3,5,2004-5-1
Tas,2004,Jun,4,6,2004-6-1
Tas,2004,Jul,3,7,2004-7-1
Tas,2004,Aug,3,8,2004-8-1
Tas,2004,Sep,7,9,2004-9-1
Tas,2004,Oct,4,10,2004-10-1
Tas,2004,Nov,9,11,2004-11-1
Tas,2004,Dec,2,12,2004-12-1
Tas,2005,Jan,4,1,2005-1-1
Tas,2005,Feb,2,2,2005-2-1
Tas,2005,Mar,2,3,2005-3-1
Tas,2005,May,8,5,2005-5-1
Tas,2005,Jun,9,6,2005-6-1
Tas,2005,Aug,3,8,2005-8-1
Tas,2005,Sep,5,9,2005-9-1
Tas,2005,Oct,4,10,2005-10-1
Tas,2005,Nov,6,11,2005-11-1
Tas,2005,Dec,8,12,2005-12-1
Tas,2006,Jan,5,1,2006-1-1
Tas,2006,Feb,7,2,2006-2-1
Tas,2006,Mar,3,3,2006-3-1
Tas,2006,May,9,5,2006-5-1
Tas,2006,Jun,6,6,2006-6-1
Tas,2006,Jul,1,7,2006-7-1
Tas,2006,Aug,3,8,2006-8-1
Tas,2006,Sep,5,9,2006-9-1
Tas,2006,Oct,2,10,2006-10-1
Tas,2006,Nov,9,11,2006-11-1
Tas,2006,Dec,5,12,2006-12-1
Tas,2007,Jan,5,1,2007-1-1
Tas,2007,Feb,4,2,2007-2-1
Tas,2007,Mar,5,3,2007-3-1
Tas,2007,Apr,11,4,2007-4-1
Tas,2007,May,2,5,2007-5-1
Tas,2007,Jun,4,6,2007-6-1
Tas,2007,Jul,4,7,2007-7-1
Tas,2007,Aug,2,8,2007-8-1
Tas,2007,Sep,1,9,2007-9-1
Tas,2007,Oct,1,10,2007-10-1
Tas,2007,Nov,2,11,2007-11-1
Tas,2007,Dec,4,12,2007-12-1
Tas,2008,Jan,5,1,2008-1-1
Tas,2008,Feb,3,2,2008-2-1
Tas,2008,Mar,7,3,2008-3-1
Tas,2008,Apr,3,4,2008-4-1
Tas,2008,May,4,5,2008-5-1
Tas,2008,Jun,5,6,2008-6-1
Tas,2008,Jul,2,7,2008-7-1
Tas,2008,Aug,1,8,2008-8-1
Tas,2008,Oct,2,10,2008-10-1
Tas,2008,Nov,1,11,2008-11-1
Tas,2008,Dec,6,12,2008-12-1
Tas,2009,Jan,11,1,2009-1-1
Tas,2009,Feb,4,2,2009-2-1
Tas,2009,Mar,5,3,2009-3-1
Tas,2009,Apr,7,4,2009-4-1
Tas,2009,May,7,5,2009-5-1
Tas,2009,Jun,3,6,2009-6-1
Tas,2009,Jul,13,7,2009-7-1
Tas,2009,Aug,2,8,2009-8-1
Tas,2009,Oct,2,10,2009-10-1
Tas,2009,Nov,2,11,2009-11-1
Tas,2009,Dec,7,12,2009-12-1
Tas,2010,Jan,4,1,2010-1-1
Tas,2010,Feb,2,2,2010-2-1
Tas,2010,Mar,4,3,2010-3-1
Tas,2010,Apr,1,4,2010-4-1
Tas,2010,May,5,5,2010-5-1
Tas,2010,Jun,1,6,2010-6-1
Tas,2010,Jul,2,7,2010-7-1
Tas,2010,Aug,3,8,2010-8-1
Tas,2010,Sep,1,9,2010-9-1
Tas,2010,Oct,1,10,2010-10-1
Tas,2010,Nov,3,11,2010-11-1
Tas,2010,Dec,4,12,2010-12-1
Tas,2011,Jan,3,1,2011-1-1
Tas,2011,Feb,2,2,2011-2-1
Tas,2011,Mar,2,3,2011-3-1
Tas,2011,Apr,2,4,2011-4-1
Tas,2011,May,2,5,2011-5-1
Tas,2011,Jun,6,6,2011-6-1
Tas,2011,Aug,1,8,2011-8-1
Tas,2011,Oct,1,10,2011-10-1
Tas,2011,Nov,3,11,2011-11-1
Tas,2011,Dec,2,12,2011-12-1
Tas,2012,Jan,2,1,2012-1-1
Tas,2012,Feb,3,2,2012-2-1
Tas,2012,Mar,1,3,2012-3-1
Tas,2012,Apr,1,4,2012-4-1
Tas,2012,May,3,5,2012-5-1
Tas,2012,Jun,2,6,2012-6-1
Tas,2012,Jul,3,7,2012-7-1
Tas,2012,Aug,2,8,2012-8-1
Tas,2012,Sep,6,9,2012-9-1
Tas,2012,Oct,2,10,2012-10-1
Tas,2012,Nov,1,11,2012-11-1
Tas,2012,Dec,5,12,2012-12-1
Tas,2013,Jan,2,1,2013-1-1
Tas,2013,Feb,3,2,2013-2-1
Tas,2013,Mar,4,3,2013-3-1
Tas,2013,Apr,1,4,2013-4-1
Tas,2013,May,2,5,2013-5-1
Tas,2013,Jun,2,6,2013-6-1
Tas,2013,Jul,2,7,2013-7-1
Tas,2013,Aug,2,8,2013-8-1
Tas,2013,Sep,3,9,2013-9-1
Tas,2013,Oct,2,10,2013-10-1
Tas,2013,Nov,6,11,2013-11-1
Tas,2013,Dec,7,12,2013-12-1
Tas,2014,Jan,2,1,2014-1-1
Tas,2014,Feb,1,2,2014-2-1
Tas,2014,Mar,2,3,2014-3-1
Tas,2014,Apr,4,4,2014-4-1
Tas,2014,May,4,5,2014-5-1
Tas,2014,Jun,2,6,2014-6-1
Tas,2014,Jul,4,7,2014-7-1
Tas,2014,Aug,2,8,2014-8-1
Tas,2014,Sep,3,9,2014-9-1
Tas,2014,Oct,3,10,2014-10-1
Tas,2014,Nov,4,11,2014-11-1
Tas,2014,Dec,2,12,2014-12-1
Tas,2015,Jan,3,1,2015-1-1
Tas,2015,Feb,5,2,2015-2-1
Tas,2015,Mar,3,3,2015-3-1
Tas,2015,May,2,5,2015-5-1
Tas,2015,Jun,2,6,2015-6-1
Tas,2015,Jul,6,7,2015-7-1
Tas,2015,Aug,1,8,2015-8-1
Tas,2015,Sep,4,9,2015-9-1
Tas,2015,Oct,5,10,2015-10-1
Tas,2015,Nov,1,11,2015-11-1
Tas,2015,Dec,2,12,2015-12-1
Tas,2016,Jan,7,1,2016-1-1
Tas,2016,Mar,4,3,2016-3-1
Tas,2016,Apr,7,4,2016-4-1
Tas,2016,May,2,5,2016-5-1
Tas,2016,Jun,2,6,2016-6-1
Tas,2016,Jul,2,7,2016-7-1
Tas,2016,Sep,5,9,2016-9-1
Tas,2016,Oct,4,10,2016-10-1
Tas,2016,Nov,1,11,2016-11-1
Tas,2016,Dec,3,12,2016-12-1
Tas,2017,Jan,2,1,2017-1-1
Tas,2017,Feb,1,2,2017-2-1
Tas,2017,Mar,3,3,2017-3-1
Tas,2017,Apr,1,4,2017-4-1
Tas,2017,May,5,5,2017-5-1
Tas,2017,Jun,5,6,2017-6-1
Tas,2017,Jul,2,7,2017-7-1
Tas,2017,Aug,2,8,2017-8-1
Tas,2017,Sep,1,9,2017-9-1
Tas,2017,Oct,4,10,2017-10-1
Tas,2017,Nov,3,11,2017-11-1
Tas,2017,Dec,3,12,2017-12-1
Tas,2018,Jan,6,1,2018-1-1
Tas,2018,Feb,2,2,2018-2-1
Tas,2018,Mar,4,3,2018-3-1
Tas,2018,Apr,1,4,2018-4-1
Tas,2018,May,2,5,2018-5-1
Tas,2018,Jun,1,6,2018-6-1
Tas,2018,Jul,2,7,2018-7-1
Tas,2018,Aug,2,8,2018-8-1
Tas,2018,Sep,5,9,2018-9-1
Tas,2018,Nov,3,11,2018-11-1
Tas,2018,Dec,4,12,2018-12-1
Tas,2019,Jan,1,1,2019-1-1
Tas,2019,Feb,3,2,2019-2-1
Tas,2019,Mar,4,3,2019-3-1
Tas,2019,Apr,3,4,2019-4-1
Tas,2019,May,2,5,2019-5-1
Tas,2019,Jun,3,6,2019-6-1
Tas,2019,Jul,3,7,2019-7-1
Tas,2019,Aug,2,8,2019-8-1
Tas,2019,Sep,2,9,2019-9-1
Tas,2019,Oct,2,10,2019-10-1
Tas,2019,Nov,1,11,2019-11-1
Tas,2019,Dec,3,12,2019-12-1
Tas,2020,Jan,6,1,2020-1-1
Tas,2020,Feb,6,2,2020-2-1
Tas,2020,Mar,3,3,2020-3-1
Tas,2020,Apr,1,4,2020-4-1
Tas,2020,May,2,5,2020-5-1
Tas,2020,Jul,3,7,2020-7-1
Tas,2020,Aug,6,8,2020-8-1
Tas,2020,Oct,6,10,2020-10-1
Tas,2020,Nov,2,11,2020-11-1
Tas,2020,Dec,2,12,2020-12-1
Tas,2021,Jan,2,1,2021-1-1
Tas,2021,Feb,1,2,2021-2-1
Tas,2021,Apr,5,4,2021-4-1
Tas,2021,May,3,5,2021-5-1
Tas,2021,Jun,2,6,2021-6-1
Tas,2021,Jul,7,7,2021-7-1
Tas,2021,Aug,5,8,2021-8-1
Tas,2021,Sep,3,9,2021-9-1
Tas,2021,Oct,1,10,2021-10-1
Tas,2021,Nov,2,11,2021-11-1
Tas,2021,Dec,4,12,2021-12-1
Tas,2022,Jan,3,1,2022-1-1
Tas,2022,Feb,3,2,2022-2-1
Tas,2022,Mar,6,3,2022-3-1
Tas,2022,Apr,7,4,2022-4-1
Tas,2022,May,8,5,2022-5-1
Tas,2022,Jun,3,6,2022-6-1
Tas,2022,Jul,6,7,2022-7-1
Tas,2022,Aug,4,8,2022-8-1
Vic,1989,Jan,76,1,1989-1-1
Vic,1989,Feb,65,2,1989-2-1
Vic,1989,Mar,80,3,1989-3-1
Vic,1989,Apr,59,4,1989-4-1
Vic,1989,May,67,5,1989-5-1
Vic,1989,Jun,73,6,1989-6-1
Vic,1989,Jul,52,7,1989-7-1
Vic,1989,Aug,65,8,1989-8-1
Vic,1989,Sep,82,9,1989-9-1
Vic,1989,Oct,50,10,1989-10-1
Vic,1989,Nov,41,11,1989-11-1
Vic,1989,Dec,66,12,1989-12-1
Vic,1990,Jan,48,1,1990-1-1
Vic,1990,Feb,44,2,1990-2-1
Vic,1990,Mar,55,3,1990-3-1
Vic,1990,Apr,39,4,1990-4-1
Vic,1990,May,56,5,1990-5-1
Vic,1990,Jun,64,6,1990-6-1
Vic,1990,Jul,41,7,1990-7-1
Vic,1990,Aug,34,8,1990-8-1
Vic,1990,Sep,48,9,1990-9-1
Vic,1990,Oct,35,10,1990-10-1
Vic,1990,Nov,40,11,1990-11-1
Vic,1990,Dec,44,12,1990-12-1
Vic,1991,Jan,45,1,1991-1-1
Vic,1991,Feb,39,2,1991-2-1
Vic,1991,Mar,70,3,1991-3-1
Vic,1991,Apr,30,4,1991-4-1
Vic,1991,May,34,5,1991-5-1
Vic,1991,Jun,29,6,1991-6-1
Vic,1991,Jul,44,7,1991-7-1
Vic,1991,Aug,47,8,1991-8-1
Vic,1991,Sep,41,9,1991-9-1
Vic,1991,Oct,36,10,1991-10-1
Vic,1991,Nov,35,11,1991-11-1
Vic,1991,Dec,53,12,1991-12-1
Vic,1992,Jan,34,1,1992-1-1
Vic,1992,Feb,33,2,1992-2-1
Vic,1992,Mar,34,3,1992-3-1
Vic,1992,Apr,47,4,1992-4-1
Vic,1992,May,33,5,1992-5-1
Vic,1992,Jun,29,6,1992-6-1
Vic,1992,Jul,23,7,1992-7-1
Vic,1992,Aug,27,8,1992-8-1
Vic,1992,Sep,28,9,1992-9-1
Vic,1992,Oct,38,10,1992-10-1
Vic,1992,Nov,30,11,1992-11-1
Vic,1992,Dec,40,12,1992-12-1
Vic,1993,Jan,26,1,1993-1-1
Vic,1993,Feb,40,2,1993-2-1
Vic,1993,Mar,37,3,1993-3-1
Vic,1993,Apr,39,4,1993-4-1
Vic,1993,May,44,5,1993-5-1
Vic,1993,Jun,33,6,1993-6-1
Vic,1993,Jul,33,7,1993-7-1
Vic,1993,Aug,27,8,1993-8-1
Vic,1993,Sep,34,9,1993-9-1
Vic,1993,Oct,39,10,1993-10-1
Vic,1993,Nov,43,11,1993-11-1
Vic,1993,Dec,40,12,1993-12-1
Vic,1994,Jan,36,1,1994-1-1
Vic,1994,Feb,31,2,1994-2-1
Vic,1994,Mar,44,3,1994-3-1
Vic,1994,Apr,35,4,1994-4-1
Vic,1994,May,27,5,1994-5-1
Vic,1994,Jun,33,6,1994-6-1
Vic,1994,Jul,29,7,1994-7-1
Vic,1994,Aug,37,8,1994-8-1
Vic,1994,Sep,17,9,1994-9-1
Vic,1994,Oct,27,10,1994-10-1
Vic,1994,Nov,31,11,1994-11-1
Vic,1994,Dec,30,12,1994-12-1
Vic,1995,Jan,38,1,1995-1-1
Vic,1995,Feb,35,2,1995-2-1
Vic,1995,Mar,26,3,1995-3-1
Vic,1995,Apr,33,4,1995-4-1
Vic,1995,May,34,5,1995-5-1
Vic,1995,Jun,41,6,1995-6-1
Vic,1995,Jul,27,7,1995-7-1
Vic,1995,Aug,34,8,1995-8-1
Vic,1995,Sep,34,9,1995-9-1
Vic,1995,Oct,32,10,1995-10-1
Vic,1995,Nov,38,11,1995-11-1
Vic,1995,Dec,46,12,1995-12-1
Vic,1996,Jan,39,1,1996-1-1
Vic,1996,Feb,47,2,1996-2-1
Vic,1996,Mar,35,3,1996-3-1
Vic,1996,Apr,38,4,1996-4-1
Vic,1996,May,28,5,1996-5-1
Vic,1996,Jun,29,6,1996-6-1
Vic,1996,Jul,30,7,1996-7-1
Vic,1996,Aug,35,8,1996-8-1
Vic,1996,Sep,49,9,1996-9-1
Vic,1996,Oct,24,10,1996-10-1
Vic,1996,Nov,33,11,1996-11-1
Vic,1996,Dec,30,12,1996-12-1
Vic,1997,Jan,36,1,1997-1-1
Vic,1997,Feb,25,2,1997-2-1
Vic,1997,Mar,30,3,1997-3-1
Vic,1997,Apr,30,4,1997-4-1
Vic,1997,May,40,5,1997-5-1
Vic,1997,Jun,22,6,1997-6-1
Vic,1997,Jul,39,7,1997-7-1
Vic,1997,Aug,26,8,1997-8-1
Vic,1997,Sep,26,9,1997-9-1
Vic,1997,Oct,29,10,1997-10-1
Vic,1997,Nov,39,11,1997-11-1
Vic,1997,Dec,35,12,1997-12-1
Vic,1998,Jan,29,1,1998-1-1
Vic,1998,Feb,29,2,1998-2-1
Vic,1998,Mar,32,3,1998-3-1
Vic,1998,Apr,36,4,1998-4-1
Vic,1998,May,31,5,1998-5-1
Vic,1998,Jun,22,6,1998-6-1
Vic,1998,Jul,40,7,1998-7-1
Vic,1998,Aug,19,8,1998-8-1
Vic,1998,Sep,37,9,1998-9-1
Vic,1998,Oct,36,10,1998-10-1
Vic,1998,Nov,49,11,1998-11-1
Vic,1998,Dec,30,12,1998-12-1
Vic,1999,Jan,32,1,1999-1-1
Vic,1999,Feb,31,2,1999-2-1
Vic,1999,Mar,35,3,1999-3-1
Vic,1999,Apr,35,4,1999-4-1
Vic,1999,May,34,5,1999-5-1
Vic,1999,Jun,24,6,1999-6-1
Vic,1999,Jul,35,7,1999-7-1
Vic,1999,Aug,26,8,1999-8-1
Vic,1999,Sep,27,9,1999-9-1
Vic,1999,Oct,38,10,1999-10-1
Vic,1999,Nov,29,11,1999-11-1
Vic,1999,Dec,37,12,1999-12-1
Vic,2000,Jan,32,1,2000-1-1
Vic,2000,Feb,26,2,2000-2-1
Vic,2000,Mar,46,3,2000-3-1
Vic,2000,Apr,32,4,2000-4-1
Vic,2000,May,39,5,2000-5-1
Vic,2000,Jun,32,6,2000-6-1
Vic,2000,Jul,33,7,2000-7-1
Vic,2000,Aug,29,8,2000-8-1
Vic,2000,Sep,36,9,2000-9-1
Vic,2000,Oct,29,10,2000-10-1
Vic,2000,Nov,44,11,2000-11-1
Vic,2000,Dec,29,12,2000-12-1
Vic,2001,Jan,44,1,2001-1-1
Vic,2001,Feb,30,2,2001-2-1
Vic,2001,Mar,31,3,2001-3-1
Vic,2001,Apr,32,4,2001-4-1
Vic,2001,May,31,5,2001-5-1
Vic,2001,Jun,41,6,2001-6-1
Vic,2001,Jul,34,7,2001-7-1
Vic,2001,Aug,37,8,2001-8-1
Vic,2001,Sep,35,9,2001-9-1
Vic,2001,Oct,51,10,2001-10-1
Vic,2001,Nov,41,11,2001-11-1
Vic,2001,Dec,37,12,2001-12-1
Vic,2002,Jan,32,1,2002-1-1
Vic,2002,Feb,31,2,2002-2-1
Vic,2002,Mar,45,3,2002-3-1
Vic,2002,Apr,31,4,2002-4-1
Vic,2002,May,45,5,2002-5-1
Vic,2002,Jun,32,6,2002-6-1
Vic,2002,Jul,27,7,2002-7-1
Vic,2002,Aug,25,8,2002-8-1
Vic,2002,Sep,31,9,2002-9-1
Vic,2002,Oct,30,10,2002-10-1
Vic,2002,Nov,31,11,2002-11-1
Vic,2002,Dec,37,12,2002-12-1
Vic,2003,Jan,21,1,2003-1-1
Vic,2003,Feb,41,2,2003-2-1
Vic,2003,Mar,36,3,2003-3-1
Vic,2003,Apr,28,4,2003-4-1
Vic,2003,May,31,5,2003-5-1
Vic,2003,Jun,28,6,2003-6-1
Vic,2003,Jul,20,7,2003-7-1
Vic,2003,Aug,23,8,2003-8-1
Vic,2003,Sep,23,9,2003-9-1
Vic,2003,Oct,24,10,2003-10-1
Vic,2003,Nov,24,11,2003-11-1
Vic,2003,Dec,31,12,2003-12-1
Vic,2004,Jan,32,1,2004-1-1
Vic,2004,Feb,22,2,2004-2-1
Vic,2004,Mar,30,3,2004-3-1
Vic,2004,Apr,30,4,2004-4-1
Vic,2004,May,46,5,2004-5-1
Vic,2004,Jun,28,6,2004-6-1
Vic,2004,Jul,27,7,2004-7-1
Vic,2004,Aug,26,8,2004-8-1
Vic,2004,Sep,22,9,2004-9-1
Vic,2004,Oct,28,10,2004-10-1
Vic,2004,Nov,25,11,2004-11-1
Vic,2004,Dec,27,12,2004-12-1
Vic,2005,Jan,33,1,2005-1-1
Vic,2005,Feb,27,2,2005-2-1
Vic,2005,Mar,47,3,2005-3-1
Vic,2005,Apr,21,4,2005-4-1
Vic,2005,May,29,5,2005-5-1
Vic,2005,Jun,23,6,2005-6-1
Vic,2005,Jul,30,7,2005-7-1
Vic,2005,Aug,25,8,2005-8-1
Vic,2005,Sep,25,9,2005-9-1
Vic,2005,Oct,33,10,2005-10-1
Vic,2005,Nov,17,11,2005-11-1
Vic,2005,Dec,36,12,2005-12-1
Vic,2006,Jan,24,1,2006-1-1
Vic,2006,Feb,37,2,2006-2-1
Vic,2006,Mar,23,3,2006-3-1
Vic,2006,Apr,23,4,2006-4-1
Vic,2006,May,27,5,2006-5-1
Vic,2006,Jun,23,6,2006-6-1
Vic,2006,Jul,25,7,2006-7-1
Vic,2006,Aug,22,8,2006-8-1
Vic,2006,Sep,43,9,2006-9-1
Vic,2006,Oct,20,10,2006-10-1
Vic,2006,Nov,31,11,2006-11-1
Vic,2006,Dec,39,12,2006-12-1
Vic,2007,Jan,23,1,2007-1-1
Vic,2007,Feb,23,2,2007-2-1
Vic,2007,Mar,32,3,2007-3-1
Vic,2007,Apr,25,4,2007-4-1
Vic,2007,May,26,5,2007-5-1
Vic,2007,Jun,28,6,2007-6-1
Vic,2007,Jul,28,7,2007-7-1
Vic,2007,Aug,20,8,2007-8-1
Vic,2007,Sep,23,9,2007-9-1
Vic,2007,Oct,37,10,2007-10-1
Vic,2007,Nov,26,11,2007-11-1
Vic,2007,Dec,41,12,2007-12-1
Vic,2008,Jan,28,1,2008-1-1
Vic,2008,Feb,20,2,2008-2-1
Vic,2008,Mar,37,3,2008-3-1
Vic,2008,Apr,25,4,2008-4-1
Vic,2008,May,25,5,2008-5-1
Vic,2008,Jun,20,6,2008-6-1
Vic,2008,Jul,27,7,2008-7-1
Vic,2008,Aug,27,8,2008-8-1
Vic,2008,Sep,18,9,2008-9-1
Vic,2008,Oct,25,10,2008-10-1
Vic,2008,Nov,26,11,2008-11-1
Vic,2008,Dec,25,12,2008-12-1
Vic,2009,Jan,31,1,2009-1-1
Vic,2009,Feb,18,2,2009-2-1
Vic,2009,Mar,23,3,2009-3-1
Vic,2009,Apr,32,4,2009-4-1
Vic,2009,May,19,5,2009-5-1
Vic,2009,Jun,30,6,2009-6-1
Vic,2009,Jul,19,7,2009-7-1
Vic,2009,Aug,21,8,2009-8-1
Vic,2009,Sep,14,9,2009-9-1
Vic,2009,Oct,28,10,2009-10-1
Vic,2009,Nov,21,11,2009-11-1
Vic,2009,Dec,34,12,2009-12-1
Vic,2010,Jan,26,1,2010-1-1
Vic,2010,Feb,25,2,2010-2-1
Vic,2010,Mar,23,3,2010-3-1
Vic,2010,Apr,20,4,2010-4-1
Vic,2010,May,31,5,2010-5-1
Vic,2010,Jun,26,6,2010-6-1
Vic,2010,Jul,26,7,2010-7-1
Vic,2010,Aug,18,8,2010-8-1
Vic,2010,Sep,17,9,2010-9-1
Vic,2010,Oct,36,10,2010-10-1
Vic,2010,Nov,12,11,2010-11-1
Vic,2010,Dec,28,12,2010-12-1
Vic,2011,Jan,18,1,2011-1-1
Vic,2011,Feb,20,2,2011-2-1
Vic,2011,Mar,34,3,2011-3-1
Vic,2011,Apr,31,4,2011-4-1
Vic,2011,May,30,5,2011-5-1
Vic,2011,Jun,24,6,2011-6-1
Vic,2011,Jul,25,7,2011-7-1
Vic,2011,Aug,14,8,2011-8-1
Vic,2011,Sep,12,9,2011-9-1
Vic,2011,Oct,22,10,2011-10-1
Vic,2011,Nov,30,11,2011-11-1
Vic,2011,Dec,27,12,2011-12-1
Vic,2012,Jan,30,1,2012-1-1
Vic,2012,Feb,20,2,2012-2-1
Vic,2012,Mar,25,3,2012-3-1
Vic,2012,Apr,19,4,2012-4-1
Vic,2012,May,23,5,2012-5-1
Vic,2012,Jun,22,6,2012-6-1
Vic,2012,Jul,17,7,2012-7-1
Vic,2012,Aug,25,8,2012-8-1
Vic,2012,Sep,17,9,2012-9-1
Vic,2012,Oct,34,10,2012-10-1
Vic,2012,Nov,26,11,2012-11-1
Vic,2012,Dec,24,12,2012-12-1
Vic,2013,Jan,14,1,2013-1-1
Vic,2013,Feb,24,2,2013-2-1
Vic,2013,Mar,24,3,2013-3-1
Vic,2013,Apr,19,4,2013-4-1
Vic,2013,May,18,5,2013-5-1
Vic,2013,Jun,13,6,2013-6-1
Vic,2013,Jul,24,7,2013-7-1
Vic,2013,Aug,20,8,2013-8-1
Vic,2013,Sep,19,9,2013-9-1
Vic,2013,Oct,15,10,2013-10-1
Vic,2013,Nov,23,11,2013-11-1
Vic,2013,Dec,30,12,2013-12-1
Vic,2014,Jan,25,1,2014-1-1
Vic,2014,Feb,21,2,2014-2-1
Vic,2014,Mar,25,3,2014-3-1
Vic,2014,Apr,14,4,2014-4-1
Vic,2014,May,23,5,2014-5-1
Vic,2014,Jun,17,6,2014-6-1
Vic,2014,Jul,22,7,2014-7-1
Vic,2014,Aug,21,8,2014-8-1
Vic,2014,Sep,20,9,2014-9-1
Vic,2014,Oct,19,10,2014-10-1
Vic,2014,Nov,28,11,2014-11-1
Vic,2014,Dec,13,12,2014-12-1
Vic,2015,Jan,24,1,2015-1-1
Vic,2015,Feb,20,2,2015-2-1
Vic,2015,Mar,22,3,2015-3-1
Vic,2015,Apr,22,4,2015-4-1
Vic,2015,May,21,5,2015-5-1
Vic,2015,Jun,22,6,2015-6-1
Vic,2015,Jul,18,7,2015-7-1
Vic,2015,Aug,26,8,2015-8-1
Vic,2015,Sep,14,9,2015-9-1
Vic,2015,Oct,27,10,2015-10-1
Vic,2015,Nov,17,11,2015-11-1
Vic,2015,Dec,19,12,2015-12-1
Vic,2016,Jan,21,1,2016-1-1
Vic,2016,Feb,33,2,2016-2-1
Vic,2016,Mar,25,3,2016-3-1
Vic,2016,Apr,16,4,2016-4-1
Vic,2016,May,26,5,2016-5-1
Vic,2016,Jun,23,6,2016-6-1
Vic,2016,Jul,26,7,2016-7-1
Vic,2016,Aug,31,8,2016-8-1
Vic,2016,Sep,17,9,2016-9-1
Vic,2016,Oct,22,10,2016-10-1
Vic,2016,Nov,25,11,2016-11-1
Vic,2016,Dec,25,12,2016-12-1
Vic,2017,Jan,17,1,2017-1-1
Vic,2017,Feb,18,2,2017-2-1
Vic,2017,Mar,22,3,2017-3-1
Vic,2017,Apr,28,4,2017-4-1
Vic,2017,May,21,5,2017-5-1
Vic,2017,Jun,15,6,2017-6-1
Vic,2017,Jul,21,7,2017-7-1
Vic,2017,Aug,26,8,2017-8-1
Vic,2017,Sep,18,9,2017-9-1
Vic,2017,Oct,12,10,2017-10-1
Vic,2017,Nov,32,11,2017-11-1
Vic,2017,Dec,29,12,2017-12-1
Vic,2018,Jan,20,1,2018-1-1
Vic,2018,Feb,15,2,2018-2-1
Vic,2018,Mar,21,3,2018-3-1
Vic,2018,Apr,9,4,2018-4-1
Vic,2018,May,23,5,2018-5-1
Vic,2018,Jun,12,6,2018-6-1
Vic,2018,Jul,15,7,2018-7-1
Vic,2018,Aug,18,8,2018-8-1
Vic,2018,Sep,19,9,2018-9-1
Vic,2018,Oct,21,10,2018-10-1
Vic,2018,Nov,23,11,2018-11-1
Vic,2018,Dec,17,12,2018-12-1
Vic,2019,Jan,22,1,2019-1-1
Vic,2019,Feb,33,2,2019-2-1
Vic,2019,Mar,20,3,2019-3-1
Vic,2019,Apr,24,4,2019-4-1
Vic,2019,May,33,5,2019-5-1
Vic,2019,Jun,18,6,2019-6-1
Vic,2019,Jul,17,7,2019-7-1
Vic,2019,Aug,16,8,2019-8-1
Vic,2019,Sep,18,9,2019-9-1
Vic,2019,Oct,26,10,2019-10-1
Vic,2019,Nov,18,11,2019-11-1
Vic,2019,Dec,21,12,2019-12-1
Vic,2020,Jan,23,1,2020-1-1
Vic,2020,Feb,18,2,2020-2-1
Vic,2020,Mar,26,3,2020-3-1
Vic,2020,Apr,17,4,2020-4-1
Vic,2020,May,15,5,2020-5-1
Vic,2020,Jun,16,6,2020-6-1
Vic,2020,Jul,15,7,2020-7-1
Vic,2020,Aug,14,8,2020-8-1
Vic,2020,Sep,14,9,2020-9-1
Vic,2020,Oct,22,10,2020-10-1
Vic,2020,Nov,15,11,2020-11-1
Vic,2020,Dec,16,12,2020-12-1
Vic,2021,Jan,14,1,2021-1-1
Vic,2021,Feb,21,2,2021-2-1
Vic,2021,Mar,24,3,2021-3-1
Vic,2021,Apr,14,4,2021-4-1
Vic,2021,May,14,5,2021-5-1
Vic,2021,Jun,20,6,2021-6-1
Vic,2021,Jul,20,7,2021-7-1
Vic,2021,Aug,17,8,2021-8-1
Vic,2021,Sep,21,9,2021-9-1
Vic,2021,Oct,18,10,2021-10-1
Vic,2021,Nov,25,11,2021-11-1
Vic,2021,Dec,24,12,2021-12-1
Vic,2022,Jan,23,1,2022-1-1
Vic,2022,Feb,23,2,2022-2-1
Vic,2022,Mar,17,3,2022-3-1
Vic,2022,Apr,19,4,2022-4-1
Vic,2022,May,16,5,2022-5-1
Vic,2022,Jun,25,6,2022-6-1
Vic,2022,Jul,21,7,2022-7-1
Vic,2022,Aug,19,8,2022-8-1
WA,1989,Jan,25,1,1989-1-1
WA,1989,Feb,12,2,1989-2-1
WA,1989,Mar,20,3,1989-3-1
WA,1989,Apr,14,4,1989-4-1
WA,1989,May,15,5,1989-5-1
WA,1989,Jun,21,6,1989-6-1
WA,1989,Jul,22,7,1989-7-1
WA,1989,Aug,22,8,1989-8-1
WA,1989,Sep,23,9,1989-9-1
WA,1989,Oct,21,10,1989-10-1
WA,1989,Nov,17,11,1989-11-1
WA,1989,Dec,30,12,1989-12-1
WA,1990,Jan,16,1,1990-1-1
WA,1990,Feb,14,2,1990-2-1
WA,1990,Mar,13,3,1990-3-1
WA,1990,Apr,24,4,1990-4-1
WA,1990,May,11,5,1990-5-1
WA,1990,Jun,25,6,1990-6-1
WA,1990,Jul,14,7,1990-7-1
WA,1990,Aug,10,8,1990-8-1
WA,1990,Sep,16,9,1990-9-1
WA,1990,Oct,11,10,1990-10-1
WA,1990,Nov,16,11,1990-11-1
WA,1990,Dec,26,12,1990-12-1
WA,1991,Jan,26,1,1991-1-1
WA,1991,Feb,11,2,1991-2-1
WA,1991,Mar,14,3,1991-3-1
WA,1991,Apr,18,4,1991-4-1
WA,1991,May,11,5,1991-5-1
WA,1991,Jun,13,6,1991-6-1
WA,1991,Jul,14,7,1991-7-1
WA,1991,Aug,24,8,1991-8-1
WA,1991,Sep,18,9,1991-9-1
WA,1991,Oct,24,10,1991-10-1
WA,1991,Nov,11,11,1991-11-1
WA,1991,Dec,23,12,1991-12-1
WA,1992,Jan,16,1,1992-1-1
WA,1992,Feb,8,2,1992-2-1
WA,1992,Mar,20,3,1992-3-1
WA,1992,Apr,12,4,1992-4-1
WA,1992,May,15,5,1992-5-1
WA,1992,Jun,16,6,1992-6-1
WA,1992,Jul,18,7,1992-7-1
WA,1992,Aug,8,8,1992-8-1
WA,1992,Sep,29,9,1992-9-1
WA,1992,Oct,19,10,1992-10-1
WA,1992,Nov,17,11,1992-11-1
WA,1992,Dec,22,12,1992-12-1
WA,1993,Jan,8,1,1993-1-1
WA,1993,Feb,11,2,1993-2-1
WA,1993,Mar,15,3,1993-3-1
WA,1993,Apr,16,4,1993-4-1
WA,1993,May,19,5,1993-5-1
WA,1993,Jun,16,6,1993-6-1
WA,1993,Jul,17,7,1993-7-1
WA,1993,Aug,25,8,1993-8-1
WA,1993,Sep,15,9,1993-9-1
WA,1993,Oct,24,10,1993-10-1
WA,1993,Nov,15,11,1993-11-1
WA,1993,Dec,28,12,1993-12-1
WA,1994,Jan,11,1,1994-1-1
WA,1994,Feb,12,2,1994-2-1
WA,1994,Mar,16,3,1994-3-1
WA,1994,Apr,16,4,1994-4-1
WA,1994,May,17,5,1994-5-1
WA,1994,Jun,16,6,1994-6-1
WA,1994,Jul,20,7,1994-7-1
WA,1994,Aug,17,8,1994-8-1
WA,1994,Sep,25,9,1994-9-1
WA,1994,Oct,22,10,1994-10-1
WA,1994,Nov,22,11,1994-11-1
WA,1994,Dec,17,12,1994-12-1
WA,1995,Jan,20,1,1995-1-1
WA,1995,Feb,22,2,1995-2-1
WA,1995,Mar,14,3,1995-3-1
WA,1995,Apr,13,4,1995-4-1
WA,1995,May,15,5,1995-5-1
WA,1995,Jun,18,6,1995-6-1
WA,1995,Jul,18,7,1995-7-1
WA,1995,Aug,15,8,1995-8-1
WA,1995,Sep,21,9,1995-9-1
WA,1995,Oct,21,10,1995-10-1
WA,1995,Nov,17,11,1995-11-1
WA,1995,Dec,15,12,1995-12-1
WA,1996,Jan,26,1,1996-1-1
WA,1996,Feb,19,2,1996-2-1
WA,1996,Mar,18,3,1996-3-1
WA,1996,Apr,22,4,1996-4-1
WA,1996,May,15,5,1996-5-1
WA,1996,Jun,18,6,1996-6-1
WA,1996,Jul,22,7,1996-7-1
WA,1996,Aug,28,8,1996-8-1
WA,1996,Sep,16,9,1996-9-1
WA,1996,Oct,23,10,1996-10-1
WA,1996,Nov,22,11,1996-11-1
WA,1996,Dec,18,12,1996-12-1
WA,1997,Jan,18,1,1997-1-1
WA,1997,Feb,18,2,1997-2-1
WA,1997,Mar,20,3,1997-3-1
WA,1997,Apr,15,4,1997-4-1
WA,1997,May,9,5,1997-5-1
WA,1997,Jun,15,6,1997-6-1
WA,1997,Jul,21,7,1997-7-1
WA,1997,Aug,15,8,1997-8-1
WA,1997,Sep,14,9,1997-9-1
WA,1997,Oct,20,10,1997-10-1
WA,1997,Nov,22,11,1997-11-1
WA,1997,Dec,10,12,1997-12-1
WA,1998,Jan,17,1,1998-1-1
WA,1998,Feb,12,2,1998-2-1
WA,1998,Mar,15,3,1998-3-1
WA,1998,Apr,22,4,1998-4-1
WA,1998,May,20,5,1998-5-1
WA,1998,Jun,15,6,1998-6-1
WA,1998,Jul,21,7,1998-7-1
WA,1998,Aug,17,8,1998-8-1
WA,1998,Sep,21,9,1998-9-1
WA,1998,Oct,22,10,1998-10-1
WA,1998,Nov,21,11,1998-11-1
WA,1998,Dec,20,12,1998-12-1
WA,1999,Jan,15,1,1999-1-1
WA,1999,Feb,18,2,1999-2-1
WA,1999,Mar,18,3,1999-3-1
WA,1999,Apr,17,4,1999-4-1
WA,1999,May,14,5,1999-5-1
WA,1999,Jun,21,6,1999-6-1
WA,1999,Jul,13,7,1999-7-1
WA,1999,Aug,25,8,1999-8-1
WA,1999,Sep,25,9,1999-9-1
WA,1999,Oct,15,10,1999-10-1
WA,1999,Nov,23,11,1999-11-1
WA,1999,Dec,14,12,1999-12-1
WA,2000,Jan,16,1,2000-1-1
WA,2000,Feb,12,2,2000-2-1
WA,2000,Mar,18,3,2000-3-1
WA,2000,Apr,14,4,2000-4-1
WA,2000,May,15,5,2000-5-1
WA,2000,Jun,22,6,2000-6-1
WA,2000,Jul,20,7,2000-7-1
WA,2000,Aug,14,8,2000-8-1
WA,2000,Sep,20,9,2000-9-1
WA,2000,Oct,26,10,2000-10-1
WA,2000,Nov,18,11,2000-11-1
WA,2000,Dec,17,12,2000-12-1
WA,2001,Jan,14,1,2001-1-1
WA,2001,Feb,10,2,2001-2-1
WA,2001,Mar,14,3,2001-3-1
WA,2001,Apr,19,4,2001-4-1
WA,2001,May,17,5,2001-5-1
WA,2001,Jun,10,6,2001-6-1
WA,2001,Jul,17,7,2001-7-1
WA,2001,Aug,12,8,2001-8-1
WA,2001,Sep,13,9,2001-9-1
WA,2001,Oct,14,10,2001-10-1
WA,2001,Nov,14,11,2001-11-1
WA,2001,Dec,11,12,2001-12-1
WA,2002,Jan,7,1,2002-1-1
WA,2002,Feb,20,2,2002-2-1
WA,2002,Mar,18,3,2002-3-1
WA,2002,Apr,10,4,2002-4-1
WA,2002,May,22,5,2002-5-1
WA,2002,Jun,13,6,2002-6-1
WA,2002,Jul,16,7,2002-7-1
WA,2002,Aug,20,8,2002-8-1
WA,2002,Sep,11,9,2002-9-1
WA,2002,Oct,19,10,2002-10-1
WA,2002,Nov,14,11,2002-11-1
WA,2002,Dec,9,12,2002-12-1
WA,2003,Jan,19,1,2003-1-1
WA,2003,Feb,12,2,2003-2-1
WA,2003,Mar,18,3,2003-3-1
WA,2003,Apr,22,4,2003-4-1
WA,2003,May,11,5,2003-5-1
WA,2003,Jun,13,6,2003-6-1
WA,2003,Jul,12,7,2003-7-1
WA,2003,Aug,9,8,2003-8-1
WA,2003,Sep,14,9,2003-9-1
WA,2003,Oct,21,10,2003-10-1
WA,2003,Nov,17,11,2003-11-1
WA,2003,Dec,12,12,2003-12-1
WA,2004,Jan,17,1,2004-1-1
WA,2004,Feb,13,2,2004-2-1
WA,2004,Mar,15,3,2004-3-1
WA,2004,Apr,14,4,2004-4-1
WA,2004,May,14,5,2004-5-1
WA,2004,Jun,10,6,2004-6-1
WA,2004,Jul,16,7,2004-7-1
WA,2004,Aug,16,8,2004-8-1
WA,2004,Sep,21,9,2004-9-1
WA,2004,Oct,13,10,2004-10-1
WA,2004,Nov,10,11,2004-11-1
WA,2004,Dec,19,12,2004-12-1
WA,2005,Jan,14,1,2005-1-1
WA,2005,Feb,14,2,2005-2-1
WA,2005,Mar,14,3,2005-3-1
WA,2005,Apr,18,4,2005-4-1
WA,2005,May,12,5,2005-5-1
WA,2005,Jun,7,6,2005-6-1
WA,2005,Jul,10,7,2005-7-1
WA,2005,Aug,19,8,2005-8-1
WA,2005,Sep,18,9,2005-9-1
WA,2005,Oct,9,10,2005-10-1
WA,2005,Nov,13,11,2005-11-1
WA,2005,Dec,15,12,2005-12-1
WA,2006,Jan,26,1,2006-1-1
WA,2006,Feb,12,2,2006-2-1
WA,2006,Mar,12,3,2006-3-1
WA,2006,Apr,11,4,2006-4-1
WA,2006,May,15,5,2006-5-1
WA,2006,Jun,17,6,2006-6-1
WA,2006,Jul,16,7,2006-7-1
WA,2006,Aug,19,8,2006-8-1
WA,2006,Sep,16,9,2006-9-1
WA,2006,Oct,17,10,2006-10-1
WA,2006,Nov,16,11,2006-11-1
WA,2006,Dec,23,12,2006-12-1
WA,2007,Jan,32,1,2007-1-1
WA,2007,Feb,15,2,2007-2-1
WA,2007,Mar,27,3,2007-3-1
WA,2007,Apr,10,4,2007-4-1
WA,2007,May,21,5,2007-5-1
WA,2007,Jun,11,6,2007-6-1
WA,2007,Jul,18,7,2007-7-1
WA,2007,Aug,20,8,2007-8-1
WA,2007,Sep,19,9,2007-9-1
WA,2007,Oct,16,10,2007-10-1
WA,2007,Nov,20,11,2007-11-1
WA,2007,Dec,26,12,2007-12-1
WA,2008,Jan,15,1,2008-1-1
WA,2008,Feb,12,2,2008-2-1
WA,2008,Mar,22,3,2008-3-1
WA,2008,Apr,14,4,2008-4-1
WA,2008,May,17,5,2008-5-1
WA,2008,Jun,22,6,2008-6-1
WA,2008,Jul,13,7,2008-7-1
WA,2008,Aug,18,8,2008-8-1
WA,2008,Sep,11,9,2008-9-1
WA,2008,Oct,18,10,2008-10-1
WA,2008,Nov,21,11,2008-11-1
WA,2008,Dec,22,12,2008-12-1
WA,2009,Jan,12,1,2009-1-1
WA,2009,Feb,20,2,2009-2-1
WA,2009,Mar,16,3,2009-3-1
WA,2009,Apr,13,4,2009-4-1
WA,2009,May,17,5,2009-5-1
WA,2009,Jun,14,6,2009-6-1
WA,2009,Jul,9,7,2009-7-1
WA,2009,Aug,11,8,2009-8-1
WA,2009,Sep,8,9,2009-9-1
WA,2009,Oct,32,10,2009-10-1
WA,2009,Nov,21,11,2009-11-1
WA,2009,Dec,18,12,2009-12-1
WA,2010,Jan,11,1,2010-1-1
WA,2010,Feb,5,2,2010-2-1
WA,2010,Mar,17,3,2010-3-1
WA,2010,Apr,17,4,2010-4-1
WA,2010,May,21,5,2010-5-1
WA,2010,Jun,13,6,2010-6-1
WA,2010,Jul,14,7,2010-7-1
WA,2010,Aug,17,8,2010-8-1
WA,2010,Sep,17,9,2010-9-1
WA,2010,Oct,12,10,2010-10-1
WA,2010,Nov,25,11,2010-11-1
WA,2010,Dec,24,12,2010-12-1
WA,2011,Jan,10,1,2011-1-1
WA,2011,Feb,20,2,2011-2-1
WA,2011,Mar,11,3,2011-3-1
WA,2011,Apr,19,4,2011-4-1
WA,2011,May,13,5,2011-5-1
WA,2011,Jun,17,6,2011-6-1
WA,2011,Jul,5,7,2011-7-1
WA,2011,Aug,17,8,2011-8-1
WA,2011,Sep,17,9,2011-9-1
WA,2011,Oct,17,10,2011-10-1
WA,2011,Nov,18,11,2011-11-1
WA,2011,Dec,15,12,2011-12-1
WA,2012,Jan,9,1,2012-1-1
WA,2012,Feb,18,2,2012-2-1
WA,2012,Mar,16,3,2012-3-1
WA,2012,Apr,11,4,2012-4-1
WA,2012,May,17,5,2012-5-1
WA,2012,Jun,17,6,2012-6-1
WA,2012,Jul,16,7,2012-7-1
WA,2012,Aug,12,8,2012-8-1
WA,2012,Sep,13,9,2012-9-1
WA,2012,Oct,19,10,2012-10-1
WA,2012,Nov,19,11,2012-11-1
WA,2012,Dec,16,12,2012-12-1
WA,2013,Jan,20,1,2013-1-1
WA,2013,Feb,13,2,2013-2-1
WA,2013,Mar,8,3,2013-3-1
WA,2013,Apr,7,4,2013-4-1
WA,2013,May,25,5,2013-5-1
WA,2013,Jun,12,6,2013-6-1
WA,2013,Jul,13,7,2013-7-1
WA,2013,Aug,11,8,2013-8-1
WA,2013,Sep,13,9,2013-9-1
WA,2013,Oct,12,10,2013-10-1
WA,2013,Nov,13,11,2013-11-1
WA,2013,Dec,15,12,2013-12-1
WA,2014,Jan,7,1,2014-1-1
WA,2014,Feb,15,2,2014-2-1
WA,2014,Mar,19,3,2014-3-1
WA,2014,Apr,15,4,2014-4-1
WA,2014,May,9,5,2014-5-1
WA,2014,Jun,17,6,2014-6-1
WA,2014,Jul,17,7,2014-7-1
WA,2014,Aug,13,8,2014-8-1
WA,2014,Sep,16,9,2014-9-1
WA,2014,Oct,22,10,2014-10-1
WA,2014,Nov,16,11,2014-11-1
WA,2014,Dec,17,12,2014-12-1
WA,2015,Jan,10,1,2015-1-1
WA,2015,Feb,14,2,2015-2-1
WA,2015,Mar,20,3,2015-3-1
WA,2015,Apr,14,4,2015-4-1
WA,2015,May,10,5,2015-5-1
WA,2015,Jun,10,6,2015-6-1
WA,2015,Jul,5,7,2015-7-1
WA,2015,Aug,21,8,2015-8-1
WA,2015,Sep,15,9,2015-9-1
WA,2015,Oct,12,10,2015-10-1
WA,2015,Nov,11,11,2015-11-1
WA,2015,Dec,17,12,2015-12-1
WA,2016,Jan,19,1,2016-1-1
WA,2016,Feb,12,2,2016-2-1
WA,2016,Mar,22,3,2016-3-1
WA,2016,Apr,11,4,2016-4-1
WA,2016,May,14,5,2016-5-1
WA,2016,Jun,10,6,2016-6-1
WA,2016,Jul,19,7,2016-7-1
WA,2016,Aug,17,8,2016-8-1
WA,2016,Sep,12,9,2016-9-1
WA,2016,Oct,21,10,2016-10-1
WA,2016,Nov,17,11,2016-11-1
WA,2016,Dec,19,12,2016-12-1
WA,2017,Jan,16,1,2017-1-1
WA,2017,Feb,7,2,2017-2-1
WA,2017,Mar,15,3,2017-3-1
WA,2017,Apr,19,4,2017-4-1
WA,2017,May,7,5,2017-5-1
WA,2017,Jun,12,6,2017-6-1
WA,2017,Jul,11,7,2017-7-1
WA,2017,Aug,11,8,2017-8-1
WA,2017,Sep,12,9,2017-9-1
WA,2017,Oct,17,10,2017-10-1
WA,2017,Nov,12,11,2017-11-1
WA,2017,Dec,20,12,2017-12-1
WA,2018,Jan,13,1,2018-1-1
WA,2018,Feb,11,2,2018-2-1
WA,2018,Mar,15,3,2018-3-1
WA,2018,Apr,20,4,2018-4-1
WA,2018,May,12,5,2018-5-1
WA,2018,Jun,10,6,2018-6-1
WA,2018,Jul,11,7,2018-7-1
WA,2018,Aug,15,8,2018-8-1
WA,2018,Sep,15,9,2018-9-1
WA,2018,Oct,8,10,2018-10-1
WA,2018,Nov,15,11,2018-11-1
WA,2018,Dec,13,12,2018-12-1
WA,2019,Jan,22,1,2019-1-1
WA,2019,Feb,13,2,2019-2-1
WA,2019,Mar,12,3,2019-3-1
WA,2019,Apr,15,4,2019-4-1
WA,2019,May,14,5,2019-5-1
WA,2019,Jun,17,6,2019-6-1
WA,2019,Jul,10,7,2019-7-1
WA,2019,Aug,16,8,2019-8-1
WA,2019,Sep,12,9,2019-9-1
WA,2019,Oct,9,10,2019-10-1
WA,2019,Nov,9,11,2019-11-1
WA,2019,Dec,14,12,2019-12-1
WA,2020,Jan,11,1,2020-1-1
WA,2020,Feb,12,2,2020-2-1
WA,2020,Mar,11,3,2020-3-1
WA,2020,Apr,9,4,2020-4-1
WA,2020,May,15,5,2020-5-1
WA,2020,Jun,13,6,2020-6-1
WA,2020,Jul,13,7,2020-7-1
WA,2020,Aug,13,8,2020-8-1
WA,2020,Sep,10,9,2020-9-1
WA,2020,Oct,18,10,2020-10-1
WA,2020,Nov,19,11,2020-11-1
WA,2020,Dec,10,12,2020-12-1
WA,2021,Jan,25,1,2021-1-1
WA,2021,Feb,8,2,2021-2-1
WA,2021,Mar,11,3,2021-3-1
WA,2021,Apr,12,4,2021-4-1
WA,2021,May,16,5,2021-5-1
WA,2021,Jun,12,6,2021-6-1
WA,2021,Jul,15,7,2021-7-1
WA,2021,Aug,11,8,2021-8-1
WA,2021,Sep,18,9,2021-9-1
WA,2021,Oct,10,10,2021-10-1
WA,2021,Nov,14,11,2021-11-1
WA,2021,Dec,14,12,2021-12-1
WA,2022,Jan,10,1,2022-1-1
WA,2022,Feb,7,2,2022-2-1
WA,2022,Mar,15,3,2022-3-1
WA,2022,Apr,16,4,2022-4-1
WA,2022,May,10,5,2022-5-1
WA,2022,Jun,15,6,2022-6-1
WA,2022,Jul,12,7,2022-7-1
WA,2022,Aug,15,8,2022-8-1
